[{"model": "news.author", "pk": 1, "fields": {"authorUser": 1, "ratingAuthor": 4}}, {"model": "news.author", "pk": 2, "fields": {"authorUser": 2, "ratingAuthor": -3}}, {"model": "news.author", "pk": 3, "fields": {"authorUser": 3, "ratingAuthor": 0}}, {"model": "news.author", "pk": 4, "fields": {"authorUser": 4, "ratingAuthor": 0}}, {"model": "news.author", "pk": 5, "fields": {"authorUser": 5, "ratingAuthor": 10}}, {"model": "news.category", "pk": 1, "fields": {"name": "Education"}}, {"model": "news.category", "pk": 2, "fields": {"name": "Science"}}, {"model": "news.category", "pk": 3, "fields": {"name": "Economy"}}, {"model": "news.category", "pk": 4, "fields": {"name": "Sport"}}, {"model": "news.subuser", "pk": 1, "fields": {"sub_user": 11, "category": 1}}, {"model": "news.subuser", "pk": 6, "fields": {"sub_user": 11, "category": 2}}, {"model": "news.subuser", "pk": 7, "fields": {"sub_user": 11, "category": 1}}, {"model": "news.subuser", "pk": 8, "fields": {"sub_user": 49, "category": 1}}, {"model": "news.subuser", "pk": 9, "fields": {"sub_user": 49, "category": 3}}, {"model": "news.subuser", "pk": 10, "fields": {"sub_user": 49, "category": 4}}, {"model": "news.subuser", "pk": 11, "fields": {"sub_user": 11, "category": 1}}, {"model": "news.subuser", "pk": 22, "fields": {"sub_user": 50, "category": 1}}, {"model": "news.subuser", "pk": 23, "fields": {"sub_user": 51, "category": 1}}, {"model": "news.subuser", "pk": 24, "fields": {"sub_user": 51, "category": 4}}, {"model": "news.subuser", "pk": 25, "fields": {"sub_user": 51, "category": 3}}, {"model": "news.subuser", "pk": 26, "fields": {"sub_user": 51, "category": 2}}, {"model": "news.subuser", "pk": 27, "fields": {"sub_user": 53, "category": 1}}, {"model": "news.subuser", "pk": 28, "fields": {"sub_user": 54, "category": 2}}, {"model": "news.subuser", "pk": 29, "fields": {"sub_user": 55, "category": 4}}, {"model": "news.post", "pk": 2, "fields": {"author": 2, "categoryType": "NW", "dateCreation": "2021-11-20T20:02:27.453Z", "title": "Mit weitem Schwingen\r\n", "text": "Einen neuen alarmierenden Fall von weiblicher Hochbegabung mit Taktstock meldet Berlins Komische Oper. Die Alleinherrschaft der Pultherren geht rascher zu Ende als gedacht: Dirigentinnen sind längst dabei, die Männerbastion an den Orchesterpulten per Geist und Feuer zu schleifen: von Simone Young, Emmanuelle Haïm und Mirga Gražinytė-Tyla bis zu Marie Jacquot, Oksana Lyniv und Joana Mallwitz.\"Die Neue\" aus Litauen heißt Giedrė Šlekytė, sie wurde 1989 in Vilnius geboren. Verließ ihr Land zu Studien in Graz, Leipzig und Zürich, war Kapellmeisterin in Klagenfurt, dirigierte an Opernhäusern in Frankfurt, Bologna und Antwerpen, assistierte Vladimir Jurowski an der Bayerischen Staatsoper, steht dort auch schon am Pult und dirigiert demnächst die Münchner Philharmoniker. Zum ersten Mal jetzt eine Berliner Opernpremiere. \"Frische, Elan und Leidenschaft\" hat ihr ein Kritiker kürzlich bescheinigt, \"enormes Dirigiertalent\".", "quantity": 1, "rating": -1}}, {"model": "news.post", "pk": 3, "fields": {"author": 3, "categoryType": "NW", "dateCreation": "2021-11-21T21:31:52.123Z", "title": "Neue UEFA-Charta für Umgang mit Kopfverletzungen", "text": "Die Europäische Fußball-Union (UEFA) will Klubs und Vereine beim Umgang mit Kopfverletzungen stärker sensibilisieren. Der Kontinentalverband veröffentlichte am Montag (29.11.2021) eine Charta, die unter anderem den Ablauf zur Überprüfung von Gehirnerschütterungen bei europäischen Klub- und Länderspiele regeln soll.", "quantity": 1, "rating": 0}}, {"model": "news.post", "pk": 4, "fields": {"author": 5, "categoryType": "NW", "dateCreation": "2021-12-01T17:00:01Z", "title": "Vier Verletzte nach Explosion", "text": "Auf einer Baustelle der Bahn für die zweite S-Bahn-Stammstrecke hat es einen lauten Knall gegeben, anschließend bildete sich eine Rauchsäule. Das berichtet die Münchner Polizei. Vier Menschen sind demnach verletzt worden - einer schwer, die drei anderen leicht.\r\n\r\nDurch die Wucht der Explosion der Fliegerbombe wurde ein Bagger umgeworfen, in der näheren Umgebung vibrierten die Fensterscheiben. Der Einsatzort liegt nach Auskunft von Polizei und Feuerwehr in der Nähe der Bahngleise. Die Gleise seien nicht betroffen gewesen, so die Feuerwehr. Die S-Bahnen auf der Stammstrecke wurden sofort angehalten, teils wurden sie evakuiert.", "quantity": 1, "rating": 0}}, {"model": "news.post", "pk": 5, "fields": {"author": 1, "categoryType": "AR", "dateCreation": "2021-12-18T00:23:53.620Z", "title": "Delfinen können singen.", "text": "Wissenschaftler haben fest gestellt Delfinen können singen.", "quantity": 0, "rating": 0}}, {"model": "news.post", "pk": 6, "fields": {"author": 1, "categoryType": "AR", "dateCreation": "2021-12-18T00:25:53.717Z", "title": "Delfinen können singen.", "text": "Wissenschaftler haben fest gestellt Delfinen können singen und tief in deine Augen schauen.", "quantity": 0, "rating": 0}}, {"model": "news.post", "pk": 11, "fields": {"author": 5, "categoryType": "NW", "dateCreation": "2021-12-18T02:13:05.233Z", "title": "\"Ökologisches und Soziales nicht trennen\"", "text": "Es dürfe keine Ramschpreise mehr für Lebensmittel geben - das hatte Bundeslandwirtschaftsminister Cem Özdemir in der \"Bild am Sonntag\" gefordert. Dabei gebe es drei Ziele: ein sicheres Einkommen für die Bauern, mehr Tierwohl, Klima- und Umweltschutz und gesundes Essen für alle.Zwar stellte der Grünen-Politiker klar, dass Lebensmittel auch nicht zum \"Luxusgut\" werden dürfen. Doch lösen seine Aussagen auch Bedenken aus. Der Geschäftsführer des Paritätischen Wohlfahrtsverbandes, Ulrich Schneider, forderte, Preissteigerungen müssten mit deutlich höheren Regelsätzen einhergehen. \"Man kann Ökologisches und Soziales nicht trennen. Es geht nur ökosozial, sonst verliert man die Unterstützung der Bevölkerung\", so Schneider der Zeitung \"Welt\".", "quantity": 0, "rating": 0}}, {"model": "news.post", "pk": 12, "fields": {"author": 3, "categoryType": "NW", "dateCreation": "2021-12-27T15:19:12.605Z", "title": "Kehrtwende der Kultusminister", "text": "Die Kultusministerkonferenz (KMK) hatte sich im Juni dazu klar positioniert und erklärt, man sei sich \"darin einig, dass alle Schulen mit Beginn des neuen Schuljahrs 2021/22 dauerhaft im Regelbetrieb (regulärer Schulbetrieb mit allen Schulfächern und Unterrichtsstunden) besucht werden\". Hintergrund sei, dass sich das Infektionsgeschehen \"in den vergangenen Wochen positiv entwickelt\" habe. Dabei gehe \"von Kindern und Jugendlichen keine treibende Kraft in der aktuellen Situation aus\". xxxx", "quantity": 0, "rating": 0}}, {"model": "news.post", "pk": 13, "fields": {"author": 2, "categoryType": "AR", "dateCreation": "2022-01-14T12:40:29.050Z", "title": "ojuo", "text": "oyiiiyiu", "quantity": 0, "rating": 0}}, {"model": "news.post", "pk": 15, "fields": {"author": 1, "categoryType": "AR", "dateCreation": "2022-01-20T18:01:07.181Z", "title": "alles gut? alles wird!", "text": "Hallo yupi jei. uhu!", "quantity": 0, "rating": 0}}, {"model": "news.post", "pk": 16, "fields": {"author": 2, "categoryType": "AR", "dateCreation": "2022-01-22T15:34:48.562Z", "title": "xxxx", "text": "yyyyy", "quantity": 0, "rating": 0}}, {"model": "news.post", "pk": 17, "fields": {"author": 3, "categoryType": "AR", "dateCreation": "2022-01-22T16:01:23.948Z", "title": "xdddadada", "text": "asdadsadd", "quantity": 0, "rating": 0}}, {"model": "news.post", "pk": 18, "fields": {"author": 1, "categoryType": "AR", "dateCreation": "2022-01-22T16:33:00.177Z", "title": "dadadsa", "text": "xadsadad", "quantity": 0, "rating": 0}}, {"model": "news.post", "pk": 19, "fields": {"author": 2, "categoryType": "AR", "dateCreation": "2022-01-22T17:13:12.104Z", "title": "ja mei", "text": "Wir kaufen die Bar", "quantity": 0, "rating": 0}}, {"model": "news.post", "pk": 20, "fields": {"author": 2, "categoryType": "AR", "dateCreation": "2022-01-22T17:22:13.243Z", "title": "ja mei", "text": "Wir kaufen die Bar 2", "quantity": 0, "rating": 0}}, {"model": "news.post", "pk": 21, "fields": {"author": 2, "categoryType": "AR", "dateCreation": "2022-01-22T17:23:42.817Z", "title": "ja mei", "text": "Wir kaufen die Bar 3b", "quantity": 0, "rating": 0}}, {"model": "news.post", "pk": 22, "fields": {"author": 2, "categoryType": "AR", "dateCreation": "2022-01-22T17:24:33.648Z", "title": "Ich bin so schlau", "text": "So fucking schlau", "quantity": 0, "rating": 0}}, {"model": "news.post", "pk": 23, "fields": {"author": 4, "categoryType": "AR", "dateCreation": "2022-01-22T19:54:18.302Z", "title": "Jetzt aber", "text": "Test", "quantity": 0, "rating": 0}}, {"model": "news.post", "pk": 24, "fields": {"author": 4, "categoryType": "AR", "dateCreation": "2022-01-22T19:55:27.607Z", "title": "Jetzt aber", "text": "Test", "quantity": 0, "rating": 0}}, {"model": "news.post", "pk": 25, "fields": {"author": 2, "categoryType": "AR", "dateCreation": "2022-01-22T19:57:58.054Z", "title": "xxxxxx", "text": "yyyyyy", "quantity": 0, "rating": 0}}, {"model": "news.post", "pk": 26, "fields": {"author": 2, "categoryType": "AR", "dateCreation": "2022-01-22T20:03:17.070Z", "title": "xxxxxx2", "text": "yyyyyy", "quantity": 0, "rating": 0}}, {"model": "news.post", "pk": 27, "fields": {"author": 2, "categoryType": "AR", "dateCreation": "2022-01-22T20:04:46.961Z", "title": "xxxxxx2", "text": "yyyyyy", "quantity": 0, "rating": 0}}, {"model": "news.post", "pk": 28, "fields": {"author": 2, "categoryType": "AR", "dateCreation": "2022-01-22T20:05:12.160Z", "title": "xxxxxx3", "text": "yyyyyy", "quantity": 0, "rating": 0}}, {"model": "news.post", "pk": 29, "fields": {"author": 2, "categoryType": "AR", "dateCreation": "2022-01-22T20:08:17.487Z", "title": "xxxxxx4", "text": "yyyyyy", "quantity": 0, "rating": 0}}, {"model": "news.post", "pk": 30, "fields": {"author": 3, "categoryType": "AR", "dateCreation": "2022-01-22T20:22:10.539Z", "title": "nocheinversuch", "text": "xxxx", "quantity": 0, "rating": 0}}, {"model": "news.post", "pk": 31, "fields": {"author": 3, "categoryType": "AR", "dateCreation": "2022-01-22T20:26:55.206Z", "title": "nocheinversuch", "text": "xxxx", "quantity": 0, "rating": 0}}, {"model": "news.post", "pk": 32, "fields": {"author": 2, "categoryType": "AR", "dateCreation": "2022-01-22T20:41:07.576Z", "title": "Rakete", "text": "Jetzt gehts los", "quantity": 0, "rating": 0}}, {"model": "news.post", "pk": 33, "fields": {"author": 4, "categoryType": "NW", "dateCreation": "2022-01-22T20:42:44.202Z", "title": "Jetzt aber", "text": "adadadad", "quantity": 0, "rating": 0}}, {"model": "news.post", "pk": 34, "fields": {"author": 1, "categoryType": "AR", "dateCreation": "2022-01-22T20:46:59.875Z", "title": "hello from django app", "text": "adsadsad", "quantity": 0, "rating": 0}}, {"model": "news.post", "pk": 35, "fields": {"author": 3, "categoryType": "AR", "dateCreation": "2022-01-22T21:06:20.028Z", "title": "Artikel", "text": "adsadads", "quantity": 0, "rating": 0}}, {"model": "news.post", "pk": 36, "fields": {"author": 3, "categoryType": "AR", "dateCreation": "2022-01-22T21:07:22.645Z", "title": "Artikel", "text": "adsadads", "quantity": 0, "rating": 0}}, {"model": "news.post", "pk": 37, "fields": {"author": 1, "categoryType": "AR", "dateCreation": "2022-01-22T21:08:35.636Z", "title": "hello from django app", "text": "adsadsad", "quantity": 0, "rating": 0}}, {"model": "news.post", "pk": 38, "fields": {"author": 4, "categoryType": "AR", "dateCreation": "2022-01-22T21:14:16.286Z", "title": "qwdqwd", "text": "dwwqdwq", "quantity": 0, "rating": 0}}, {"model": "news.post", "pk": 39, "fields": {"author": 3, "categoryType": "AR", "dateCreation": "2022-01-22T21:15:14.410Z", "title": "dasdasdasa", "text": "asdasdsadasd", "quantity": 0, "rating": 0}}, {"model": "news.post", "pk": 40, "fields": {"author": 3, "categoryType": "AR", "dateCreation": "2022-01-22T21:24:05.104Z", "title": "jhkjhk", "text": "kjljl", "quantity": 0, "rating": 0}}, {"model": "news.post", "pk": 41, "fields": {"author": 2, "categoryType": "AR", "dateCreation": "2022-01-22T21:50:44.074Z", "title": "kjkkjhkjkjkjkj", "text": "bmnbnmnmhh", "quantity": 0, "rating": 0}}, {"model": "news.post", "pk": 42, "fields": {"author": 3, "categoryType": "AR", "dateCreation": "2022-01-22T21:52:35.397Z", "title": "v", "text": "v", "quantity": 0, "rating": 0}}, {"model": "news.post", "pk": 43, "fields": {"author": 2, "categoryType": "AR", "dateCreation": "2022-01-22T22:12:38.289Z", "title": "a", "text": "b", "quantity": 0, "rating": 0}}, {"model": "news.post", "pk": 44, "fields": {"author": 3, "categoryType": "AR", "dateCreation": "2022-01-22T22:16:08.568Z", "title": "v", "text": "w", "quantity": 0, "rating": 0}}, {"model": "news.post", "pk": 45, "fields": {"author": 3, "categoryType": "AR", "dateCreation": "2022-01-22T22:24:48.731Z", "title": "77", "text": "666", "quantity": 0, "rating": 0}}, {"model": "news.post", "pk": 46, "fields": {"author": 2, "categoryType": "AR", "dateCreation": "2022-01-22T22:39:35.217Z", "title": "1", "text": "2222", "quantity": 0, "rating": 0}}, {"model": "news.post", "pk": 47, "fields": {"author": 4, "categoryType": "AR", "dateCreation": "2022-01-22T22:44:00.695Z", "title": "k", "text": "h", "quantity": 0, "rating": 0}}, {"model": "news.post", "pk": 48, "fields": {"author": 1, "categoryType": "AR", "dateCreation": "2022-01-22T22:45:33.783Z", "title": "d", "text": "s", "quantity": 0, "rating": 0}}, {"model": "news.post", "pk": 49, "fields": {"author": 2, "categoryType": "AR", "dateCreation": "2022-01-22T22:50:54.715Z", "title": "xxxx", "text": "x", "quantity": 0, "rating": 0}}, {"model": "news.post", "pk": 50, "fields": {"author": 3, "categoryType": "AR", "dateCreation": "2022-01-22T23:03:44.332Z", "title": "xxx", "text": "sss", "quantity": 0, "rating": 0}}, {"model": "news.post", "pk": 51, "fields": {"author": 1, "categoryType": "AR", "dateCreation": "2022-01-22T23:04:35.056Z", "title": "So können Sie uns erreichen!", "text": "sdad", "quantity": 0, "rating": 0}}, {"model": "news.post", "pk": 52, "fields": {"author": 2, "categoryType": "AR", "dateCreation": "2022-01-22T23:08:45.721Z", "title": "sss", "text": "s", "quantity": 0, "rating": 0}}, {"model": "news.post", "pk": 53, "fields": {"author": 2, "categoryType": "AR", "dateCreation": "2022-01-22T23:10:07.983Z", "title": "sss", "text": "s", "quantity": 0, "rating": 0}}, {"model": "news.post", "pk": 54, "fields": {"author": 2, "categoryType": "AR", "dateCreation": "2022-01-22T23:36:09.055Z", "title": "sss", "text": "s", "quantity": 0, "rating": 0}}, {"model": "news.post", "pk": 55, "fields": {"author": 1, "categoryType": "AR", "dateCreation": "2022-01-22T23:46:31.068Z", "title": "So können Sie uns erreichen!", "text": "sdad", "quantity": 0, "rating": 0}}, {"model": "news.post", "pk": 56, "fields": {"author": 3, "categoryType": "AR", "dateCreation": "2022-01-22T23:47:10.359Z", "title": "xxx", "text": "sss", "quantity": 0, "rating": 0}}, {"model": "news.post", "pk": 57, "fields": {"author": 3, "categoryType": "AR", "dateCreation": "2022-01-23T00:15:56.203Z", "title": "xxx", "text": "sss", "quantity": 0, "rating": 0}}, {"model": "news.post", "pk": 58, "fields": {"author": 3, "categoryType": "AR", "dateCreation": "2022-01-23T00:16:48.263Z", "title": "xxx", "text": "sss", "quantity": 0, "rating": 0}}, {"model": "news.post", "pk": 59, "fields": {"author": 2, "categoryType": "AR", "dateCreation": "2022-01-23T00:18:59.011Z", "title": "xxxx", "text": "x", "quantity": 0, "rating": 0}}, {"model": "news.post", "pk": 60, "fields": {"author": 1, "categoryType": "AR", "dateCreation": "2022-01-23T00:27:18.562Z", "title": "d", "text": "s", "quantity": 0, "rating": 0}}, {"model": "news.post", "pk": 61, "fields": {"author": 1, "categoryType": "AR", "dateCreation": "2022-01-23T00:36:56.958Z", "title": "d", "text": "s", "quantity": 0, "rating": 0}}, {"model": "news.post", "pk": 62, "fields": {"author": 1, "categoryType": "AR", "dateCreation": "2022-01-23T00:37:31.771Z", "title": "d", "text": "s", "quantity": 0, "rating": 0}}, {"model": "news.post", "pk": 63, "fields": {"author": 1, "categoryType": "AR", "dateCreation": "2022-01-23T00:43:14.878Z", "title": "d", "text": "s", "quantity": 0, "rating": 0}}, {"model": "news.post", "pk": 64, "fields": {"author": 1, "categoryType": "AR", "dateCreation": "2022-01-23T00:52:25.387Z", "title": "xxx", "text": "x", "quantity": 0, "rating": 0}}, {"model": "news.post", "pk": 65, "fields": {"author": 1, "categoryType": "AR", "dateCreation": "2022-01-23T00:55:08.236Z", "title": "dd", "text": "dd", "quantity": 0, "rating": 0}}, {"model": "news.post", "pk": 66, "fields": {"author": 2, "categoryType": "AR", "dateCreation": "2022-01-23T01:01:09.407Z", "title": "so ... letzter versuch", "text": "echt jetzt!", "quantity": 0, "rating": 0}}, {"model": "news.post", "pk": 67, "fields": {"author": 3, "categoryType": "AR", "dateCreation": "2022-01-23T01:04:53.699Z", "title": "Oh Mann", "text": "ich habe die Schnauze voll", "quantity": 0, "rating": 0}}, {"model": "news.post", "pk": 68, "fields": {"author": 2, "categoryType": "AR", "dateCreation": "2022-01-23T12:16:27.990Z", "title": "sss", "text": "ssss", "quantity": 0, "rating": 0}}, {"model": "news.post", "pk": 69, "fields": {"author": 1, "categoryType": "AR", "dateCreation": "2022-01-23T13:50:24.397Z", "title": "sss", "text": "ss", "quantity": 0, "rating": 0}}, {"model": "news.post", "pk": 70, "fields": {"author": 3, "categoryType": "AR", "dateCreation": "2022-01-24T19:35:18.336Z", "title": "Annas Test", "text": "und ab geht die Olga", "quantity": 0, "rating": 0}}, {"model": "news.post", "pk": 72, "fields": {"author": 1, "categoryType": "AR", "dateCreation": "2022-01-24T19:41:18.351Z", "title": "kjgjglglglh", "text": "kjguftäpoupuoöljlk", "quantity": 0, "rating": 0}}, {"model": "news.post", "pk": 73, "fields": {"author": 2, "categoryType": "AR", "dateCreation": "2022-01-24T20:57:40.404Z", "title": "ss", "text": "sss", "quantity": 0, "rating": 0}}, {"model": "news.post", "pk": 74, "fields": {"author": 1, "categoryType": "AR", "dateCreation": "2022-01-24T20:58:08.014Z", "title": "2", "text": "2", "quantity": 0, "rating": 0}}, {"model": "news.postcategory", "pk": 2, "fields": {"postThrough": 2, "categoryThrough": 2}}, {"model": "news.postcategory", "pk": 5, "fields": {"postThrough": 3, "categoryThrough": 2}}, {"model": "news.postcategory", "pk": 6, "fields": {"postThrough": 4, "categoryThrough": 4}}, {"model": "news.postcategory", "pk": 7, "fields": {"postThrough": 4, "categoryThrough": 1}}, {"model": "news.postcategory", "pk": 8, "fields": {"postThrough": 5, "categoryThrough": 1}}, {"model": "news.postcategory", "pk": 9, "fields": {"postThrough": 6, "categoryThrough": 1}}, {"model": "news.postcategory", "pk": 11, "fields": {"postThrough": 6, "categoryThrough": 3}}, {"model": "news.postcategory", "pk": 15, "fields": {"postThrough": 11, "categoryThrough": 3}}, {"model": "news.postcategory", "pk": 16, "fields": {"postThrough": 12, "categoryThrough": 1}}, {"model": "news.postcategory", "pk": 17, "fields": {"postThrough": 13, "categoryThrough": 4}}, {"model": "news.postcategory", "pk": 19, "fields": {"postThrough": 15, "categoryThrough": 1}}, {"model": "news.postcategory", "pk": 20, "fields": {"postThrough": 16, "categoryThrough": 1}}, {"model": "news.postcategory", "pk": 21, "fields": {"postThrough": 17, "categoryThrough": 3}}, {"model": "news.postcategory", "pk": 22, "fields": {"postThrough": 18, "categoryThrough": 3}}, {"model": "news.postcategory", "pk": 23, "fields": {"postThrough": 21, "categoryThrough": 3}}, {"model": "news.postcategory", "pk": 24, "fields": {"postThrough": 22, "categoryThrough": 2}}, {"model": "news.postcategory", "pk": 25, "fields": {"postThrough": 31, "categoryThrough": 2}}, {"model": "news.postcategory", "pk": 26, "fields": {"postThrough": 32, "categoryThrough": 1}}, {"model": "news.postcategory", "pk": 27, "fields": {"postThrough": 32, "categoryThrough": 4}}, {"model": "news.postcategory", "pk": 28, "fields": {"postThrough": 33, "categoryThrough": 2}}, {"model": "news.postcategory", "pk": 29, "fields": {"postThrough": 34, "categoryThrough": 1}}, {"model": "news.postcategory", "pk": 30, "fields": {"postThrough": 37, "categoryThrough": 1}}, {"model": "news.postcategory", "pk": 31, "fields": {"postThrough": 38, "categoryThrough": 3}}, {"model": "news.postcategory", "pk": 32, "fields": {"postThrough": 39, "categoryThrough": 1}}, {"model": "news.postcategory", "pk": 33, "fields": {"postThrough": 40, "categoryThrough": 2}}, {"model": "news.postcategory", "pk": 34, "fields": {"postThrough": 41, "categoryThrough": 1}}, {"model": "news.postcategory", "pk": 35, "fields": {"postThrough": 42, "categoryThrough": 1}}, {"model": "news.postcategory", "pk": 36, "fields": {"postThrough": 44, "categoryThrough": 1}}, {"model": "news.postcategory", "pk": 37, "fields": {"postThrough": 45, "categoryThrough": 4}}, {"model": "news.postcategory", "pk": 38, "fields": {"postThrough": 46, "categoryThrough": 2}}, {"model": "news.postcategory", "pk": 39, "fields": {"postThrough": 47, "categoryThrough": 3}}, {"model": "news.postcategory", "pk": 40, "fields": {"postThrough": 48, "categoryThrough": 2}}, {"model": "news.postcategory", "pk": 41, "fields": {"postThrough": 48, "categoryThrough": 3}}, {"model": "news.postcategory", "pk": 42, "fields": {"postThrough": 49, "categoryThrough": 1}}, {"model": "news.postcategory", "pk": 43, "fields": {"postThrough": 49, "categoryThrough": 2}}, {"model": "news.postcategory", "pk": 44, "fields": {"postThrough": 49, "categoryThrough": 3}}, {"model": "news.postcategory", "pk": 45, "fields": {"postThrough": 50, "categoryThrough": 3}}, {"model": "news.postcategory", "pk": 46, "fields": {"postThrough": 51, "categoryThrough": 2}}, {"model": "news.postcategory", "pk": 47, "fields": {"postThrough": 51, "categoryThrough": 3}}, {"model": "news.postcategory", "pk": 48, "fields": {"postThrough": 63, "categoryThrough": 1}}, {"model": "news.postcategory", "pk": 49, "fields": {"postThrough": 63, "categoryThrough": 2}}, {"model": "news.postcategory", "pk": 50, "fields": {"postThrough": 63, "categoryThrough": 3}}, {"model": "news.postcategory", "pk": 51, "fields": {"postThrough": 64, "categoryThrough": 1}}, {"model": "news.postcategory", "pk": 52, "fields": {"postThrough": 64, "categoryThrough": 2}}, {"model": "news.postcategory", "pk": 53, "fields": {"postThrough": 64, "categoryThrough": 3}}, {"model": "news.postcategory", "pk": 54, "fields": {"postThrough": 65, "categoryThrough": 1}}, {"model": "news.postcategory", "pk": 55, "fields": {"postThrough": 65, "categoryThrough": 2}}, {"model": "news.postcategory", "pk": 56, "fields": {"postThrough": 65, "categoryThrough": 3}}, {"model": "news.postcategory", "pk": 57, "fields": {"postThrough": 66, "categoryThrough": 1}}, {"model": "news.postcategory", "pk": 58, "fields": {"postThrough": 66, "categoryThrough": 2}}, {"model": "news.postcategory", "pk": 59, "fields": {"postThrough": 66, "categoryThrough": 3}}, {"model": "news.postcategory", "pk": 60, "fields": {"postThrough": 67, "categoryThrough": 1}}, {"model": "news.postcategory", "pk": 61, "fields": {"postThrough": 67, "categoryThrough": 2}}, {"model": "news.postcategory", "pk": 62, "fields": {"postThrough": 67, "categoryThrough": 3}}, {"model": "news.postcategory", "pk": 63, "fields": {"postThrough": 68, "categoryThrough": 3}}, {"model": "news.postcategory", "pk": 64, "fields": {"postThrough": 68, "categoryThrough": 4}}, {"model": "news.postcategory", "pk": 65, "fields": {"postThrough": 70, "categoryThrough": 1}}, {"model": "news.postcategory", "pk": 66, "fields": {"postThrough": 70, "categoryThrough": 2}}, {"model": "news.postcategory", "pk": 67, "fields": {"postThrough": 70, "categoryThrough": 3}}, {"model": "news.postcategory", "pk": 69, "fields": {"postThrough": 72, "categoryThrough": 1}}, {"model": "news.postcategory", "pk": 70, "fields": {"postThrough": 73, "categoryThrough": 2}}, {"model": "news.postcategory", "pk": 71, "fields": {"postThrough": 73, "categoryThrough": 3}}, {"model": "news.postcategory", "pk": 72, "fields": {"postThrough": 74, "categoryThrough": 2}}, {"model": "news.comment", "pk": 3, "fields": {"commentPost": 2, "commentUser": 2, "text": "xxx", "dateCreation": "2021-11-21T17:45:00Z", "rating": 1}}, {"model": "news.comment", "pk": 4, "fields": {"commentPost": 2, "commentUser": 3, "text": "anytextbyauthor", "dateCreation": "2021-11-21T22:09:21.498Z", "rating": 0}}, {"model": "django_apscheduler.djangojob", "pk": "d55a1bb3cdea4a44818038b01c7e8a5b", "fields": {"next_run_time": "2022-01-24T20:22:00Z", "job_state": "gAWVMwQAAAAAAAB9lCiMB3ZlcnNpb26USwGMAmlklIwgZDU1YTFiYjNjZGVhNGE0NDgxODAzOGIwMWM3ZThhNWKUjARmdW5jlIwubmV3cy5tYW5hZ2VtZW50LmNvbW1hbmRzLnJ1bmFwc2NoZWR1bGVyOm15X2pvYpSMB3RyaWdnZXKUjBlhcHNjaGVkdWxlci50cmlnZ2Vycy5jcm9ulIwLQ3JvblRyaWdnZXKUk5QpgZR9lChoAUsCjAh0aW1lem9uZZSMG3B5dHpfZGVwcmVjYXRpb25fc2hpbS5faW1wbJSMCXdyYXBfem9uZZSTlIwIYnVpbHRpbnOUjAdnZXRhdHRylJOUjBJiYWNrcG9ydHMuem9uZWluZm+UjAhab25lSW5mb5STlIwJX3VucGlja2xllIaUUpSMDUV1cm9wZS9Nb3Njb3eUSwGGlFKUaBmGlFKUjApzdGFydF9kYXRllE6MCGVuZF9kYXRllE6MBmZpZWxkc5RdlCiMIGFwc2NoZWR1bGVyLnRyaWdnZXJzLmNyb24uZmllbGRzlIwJQmFzZUZpZWxklJOUKYGUfZQojARuYW1llIwEeWVhcpSMCmlzX2RlZmF1bHSUiIwLZXhwcmVzc2lvbnOUXZSMJWFwc2NoZWR1bGVyLnRyaWdnZXJzLmNyb24uZXhwcmVzc2lvbnOUjA1BbGxFeHByZXNzaW9ulJOUKYGUfZSMBHN0ZXCUTnNiYXViaCKMCk1vbnRoRmllbGSUk5QpgZR9lChoJ4wFbW9udGiUaCmIaCpdlGguKYGUfZRoMU5zYmF1YmgijA9EYXlPZk1vbnRoRmllbGSUk5QpgZR9lChoJ4wDZGF5lGgpiGgqXZRoLimBlH2UaDFOc2JhdWJoIowJV2Vla0ZpZWxklJOUKYGUfZQoaCeMBHdlZWuUaCmIaCpdlGguKYGUfZRoMU5zYmF1YmgijA5EYXlPZldlZWtGaWVsZJSTlCmBlH2UKGgnjAtkYXlfb2Zfd2Vla5RoKYhoKl2UaC4pgZR9lGgxTnNiYXViaCQpgZR9lChoJ4wEaG91cpRoKYhoKl2UaC4pgZR9lGgxTnNiYXViaCQpgZR9lChoJ4wGbWludXRllGgpiGgqXZRoLimBlH2UaDFOc2JhdWJoJCmBlH2UKGgnjAZzZWNvbmSUaCmJaCpdlGguKYGUfZRoMUsKc2JhdWJljAZqaXR0ZXKUTnVijAhleGVjdXRvcpSMB2RlZmF1bHSUjARhcmdzlCmMBmt3YXJnc5R9lGgnjAZteV9qb2KUjBJtaXNmaXJlX2dyYWNlX3RpbWWUSwGMCGNvYWxlc2NllIiMDW1heF9pbnN0YW5jZXOUSwGMDW5leHRfcnVuX3RpbWWUjAhkYXRldGltZZSMCGRhdGV0aW1llJOUQwoH5gEYFxYAAAAAlGgdhpRSlHUu"}}, {"model": "django_apscheduler.djangojob", "pk": "delete_old_job_executions", "fields": {"next_run_time": "2022-01-30T21:00:00Z", "job_state": "gAWVlQQAAAAAAAB9lCiMB3ZlcnNpb26USwGMAmlklIwZZGVsZXRlX29sZF9qb2JfZXhlY3V0aW9uc5SMBGZ1bmOUjEFuZXdzLm1hbmFnZW1lbnQuY29tbWFuZHMucnVuYXBzY2hlZHVsZXI6ZGVsZXRlX29sZF9qb2JfZXhlY3V0aW9uc5SMB3RyaWdnZXKUjBlhcHNjaGVkdWxlci50cmlnZ2Vycy5jcm9ulIwLQ3JvblRyaWdnZXKUk5QpgZR9lChoAUsCjAh0aW1lem9uZZSMG3B5dHpfZGVwcmVjYXRpb25fc2hpbS5faW1wbJSMCXdyYXBfem9uZZSTlIwIYnVpbHRpbnOUjAdnZXRhdHRylJOUjBJiYWNrcG9ydHMuem9uZWluZm+UjAhab25lSW5mb5STlIwJX3VucGlja2xllIaUUpSMDUV1cm9wZS9Nb3Njb3eUSwGGlFKUaBmGlFKUjApzdGFydF9kYXRllE6MCGVuZF9kYXRllE6MBmZpZWxkc5RdlCiMIGFwc2NoZWR1bGVyLnRyaWdnZXJzLmNyb24uZmllbGRzlIwJQmFzZUZpZWxklJOUKYGUfZQojARuYW1llIwEeWVhcpSMCmlzX2RlZmF1bHSUiIwLZXhwcmVzc2lvbnOUXZSMJWFwc2NoZWR1bGVyLnRyaWdnZXJzLmNyb24uZXhwcmVzc2lvbnOUjA1BbGxFeHByZXNzaW9ulJOUKYGUfZSMBHN0ZXCUTnNiYXViaCKMCk1vbnRoRmllbGSUk5QpgZR9lChoJ4wFbW9udGiUaCmIaCpdlGguKYGUfZRoMU5zYmF1YmgijA9EYXlPZk1vbnRoRmllbGSUk5QpgZR9lChoJ4wDZGF5lGgpiGgqXZRoLimBlH2UaDFOc2JhdWJoIowJV2Vla0ZpZWxklJOUKYGUfZQoaCeMBHdlZWuUaCmIaCpdlGguKYGUfZRoMU5zYmF1YmgijA5EYXlPZldlZWtGaWVsZJSTlCmBlH2UKGgnjAtkYXlfb2Zfd2Vla5RoKYloKl2UaCyMFldlZWtkYXlSYW5nZUV4cHJlc3Npb26Uk5QpgZR9lChoMU6MBWZpcnN0lEsAjARsYXN0lEsAdWJhdWJoJCmBlH2UKGgnjARob3VylGgpiWgqXZRoLIwPUmFuZ2VFeHByZXNzaW9ulJOUKYGUfZQoaDFOaFRLAGhVSwB1YmF1YmgkKYGUfZQoaCeMBm1pbnV0ZZRoKYloKl2UaFspgZR9lChoMU5oVEsAaFVLAHViYXViaCQpgZR9lChoJ4wGc2Vjb25klGgpiGgqXZRoWymBlH2UKGgxTmhUSwBoVUsAdWJhdWJljAZqaXR0ZXKUTnVijAhleGVjdXRvcpSMB2RlZmF1bHSUjARhcmdzlCmMBmt3YXJnc5R9lGgnaAOMEm1pc2ZpcmVfZ3JhY2VfdGltZZRLAYwIY29hbGVzY2WUiIwNbWF4X2luc3RhbmNlc5RLAYwNbmV4dF9ydW5fdGltZZSMCGRhdGV0aW1llIwIZGF0ZXRpbWWUk5RDCgfmAR8AAAAAAACUaB2GlFKUdS4="}}, {"model": "django_apscheduler.djangojob", "pk": "my_job", "fields": {"next_run_time": "2022-01-24T20:22:00Z", "job_state": "gAWVEgQAAAAAAAB9lCiMB3ZlcnNpb26USwGMAmlklIwGbXlfam9ilIwEZnVuY5SMLm5ld3MubWFuYWdlbWVudC5jb21tYW5kcy5ydW5hcHNjaGVkdWxlcjpteV9qb2KUjAd0cmlnZ2VylIwZYXBzY2hlZHVsZXIudHJpZ2dlcnMuY3JvbpSMC0Nyb25UcmlnZ2VylJOUKYGUfZQoaAFLAowIdGltZXpvbmWUjBtweXR6X2RlcHJlY2F0aW9uX3NoaW0uX2ltcGyUjAl3cmFwX3pvbmWUk5SMCGJ1aWx0aW5zlIwHZ2V0YXR0cpSTlIwSYmFja3BvcnRzLnpvbmVpbmZvlIwIWm9uZUluZm+Uk5SMCV91bnBpY2tsZZSGlFKUjA1FdXJvcGUvTW9zY293lEsBhpRSlGgZhpRSlIwKc3RhcnRfZGF0ZZROjAhlbmRfZGF0ZZROjAZmaWVsZHOUXZQojCBhcHNjaGVkdWxlci50cmlnZ2Vycy5jcm9uLmZpZWxkc5SMCUJhc2VGaWVsZJSTlCmBlH2UKIwEbmFtZZSMBHllYXKUjAppc19kZWZhdWx0lIiMC2V4cHJlc3Npb25zlF2UjCVhcHNjaGVkdWxlci50cmlnZ2Vycy5jcm9uLmV4cHJlc3Npb25zlIwNQWxsRXhwcmVzc2lvbpSTlCmBlH2UjARzdGVwlE5zYmF1YmgijApNb250aEZpZWxklJOUKYGUfZQoaCeMBW1vbnRolGgpiGgqXZRoLimBlH2UaDFOc2JhdWJoIowPRGF5T2ZNb250aEZpZWxklJOUKYGUfZQoaCeMA2RheZRoKYhoKl2UaC4pgZR9lGgxTnNiYXViaCKMCVdlZWtGaWVsZJSTlCmBlH2UKGgnjAR3ZWVrlGgpiGgqXZRoLimBlH2UaDFOc2JhdWJoIowORGF5T2ZXZWVrRmllbGSUk5QpgZR9lChoJ4wLZGF5X29mX3dlZWuUaCmIaCpdlGguKYGUfZRoMU5zYmF1YmgkKYGUfZQoaCeMBGhvdXKUaCmIaCpdlGguKYGUfZRoMU5zYmF1YmgkKYGUfZQoaCeMBm1pbnV0ZZRoKYhoKl2UaC4pgZR9lGgxTnNiYXViaCQpgZR9lChoJ4wGc2Vjb25klGgpiWgqXZRoLimBlH2UaDFLCnNiYXViZYwGaml0dGVylE51YowIZXhlY3V0b3KUjAdkZWZhdWx0lIwEYXJnc5QpjAZrd2FyZ3OUfZRoJ2gDjBJtaXNmaXJlX2dyYWNlX3RpbWWUSwGMCGNvYWxlc2NllIiMDW1heF9pbnN0YW5jZXOUSwGMDW5leHRfcnVuX3RpbWWUjAhkYXRldGltZZSMCGRhdGV0aW1llJOUQwoH5gEYFxYAAAAAlGgdhpRSlHUu"}}, {"model": "django_apscheduler.djangojobexecution", "pk": 1, "fields": {"job": "my_job", "status": "Executed", "run_time": "2022-01-23T17:09:20Z", "duration": "0.03", "finished": "1642957760.03", "exception": null, "traceback": null}}, {"model": "django_apscheduler.djangojobexecution", "pk": 2, "fields": {"job": "my_job", "status": "Executed", "run_time": "2022-01-23T17:09:30Z", "duration": "0.29", "finished": "1642957770.29", "exception": null, "traceback": null}}, {"model": "django_apscheduler.djangojobexecution", "pk": 3, "fields": {"job": "my_job", "status": "Executed", "run_time": "2022-01-23T17:09:40Z", "duration": "0.27", "finished": "1642957780.27", "exception": null, "traceback": null}}, {"model": "django_apscheduler.djangojobexecution", "pk": 4, "fields": {"job": "my_job", "status": "Executed", "run_time": "2022-01-23T17:09:50Z", "duration": "0.32", "finished": "1642957790.32", "exception": null, "traceback": null}}, {"model": "django_apscheduler.djangojobexecution", "pk": 5, "fields": {"job": "my_job", "status": "Executed", "run_time": "2022-01-23T17:10:00Z", "duration": "0.31", "finished": "1642957800.31", "exception": null, "traceback": null}}, {"model": "django_apscheduler.djangojobexecution", "pk": 6, "fields": {"job": "my_job", "status": "Executed", "run_time": "2022-01-23T17:10:10Z", "duration": "0.25", "finished": "1642957810.25", "exception": null, "traceback": null}}, {"model": "django_apscheduler.djangojobexecution", "pk": 7, "fields": {"job": "my_job", "status": "Executed", "run_time": "2022-01-23T17:10:20Z", "duration": "0.61", "finished": "1642957820.61", "exception": null, "traceback": null}}, {"model": "django_apscheduler.djangojobexecution", "pk": 8, "fields": {"job": "my_job", "status": "Executed", "run_time": "2022-01-23T17:10:30Z", "duration": "0.26", "finished": "1642957830.26", "exception": null, "traceback": null}}, {"model": "django_apscheduler.djangojobexecution", "pk": 9, "fields": {"job": "my_job", "status": "Executed", "run_time": "2022-01-23T17:10:40Z", "duration": "0.25", "finished": "1642957840.25", "exception": null, "traceback": null}}, {"model": "django_apscheduler.djangojobexecution", "pk": 10, "fields": {"job": "my_job", "status": "Executed", "run_time": "2022-01-23T17:10:50Z", "duration": "0.27", "finished": "1642957850.27", "exception": null, "traceback": null}}, {"model": "django_apscheduler.djangojobexecution", "pk": 11, "fields": {"job": "my_job", "status": "Executed", "run_time": "2022-01-23T17:11:00Z", "duration": "0.26", "finished": "1642957860.26", "exception": null, "traceback": null}}, {"model": "django_apscheduler.djangojobexecution", "pk": 12, "fields": {"job": "my_job", "status": "Executed", "run_time": "2022-01-23T17:11:10Z", "duration": "0.23", "finished": "1642957870.23", "exception": null, "traceback": null}}, {"model": "django_apscheduler.djangojobexecution", "pk": 13, "fields": {"job": "my_job", "status": "Executed", "run_time": "2022-01-23T17:11:20Z", "duration": "0.29", "finished": "1642957880.29", "exception": null, "traceback": null}}, {"model": "django_apscheduler.djangojobexecution", "pk": 14, "fields": {"job": "my_job", "status": "Executed", "run_time": "2022-01-23T17:11:30Z", "duration": "0.25", "finished": "1642957890.25", "exception": null, "traceback": null}}, {"model": "django_apscheduler.djangojobexecution", "pk": 15, "fields": {"job": "my_job", "status": "Executed", "run_time": "2022-01-23T17:11:40Z", "duration": "0.35", "finished": "1642957900.35", "exception": null, "traceback": null}}, {"model": "django_apscheduler.djangojobexecution", "pk": 16, "fields": {"job": "my_job", "status": "Executed", "run_time": "2022-01-23T17:11:50Z", "duration": "0.21", "finished": "1642957910.21", "exception": null, "traceback": null}}, {"model": "django_apscheduler.djangojobexecution", "pk": 17, "fields": {"job": "my_job", "status": "Executed", "run_time": "2022-01-23T17:12:00Z", "duration": "0.22", "finished": "1642957920.22", "exception": null, "traceback": null}}, {"model": "django_apscheduler.djangojobexecution", "pk": 18, "fields": {"job": "my_job", "status": "Executed", "run_time": "2022-01-23T17:12:10Z", "duration": "0.20", "finished": "1642957930.20", "exception": null, "traceback": null}}, {"model": "django_apscheduler.djangojobexecution", "pk": 19, "fields": {"job": "my_job", "status": "Executed", "run_time": "2022-01-23T17:12:20Z", "duration": "0.37", "finished": "1642957940.37", "exception": null, "traceback": null}}, {"model": "django_apscheduler.djangojobexecution", "pk": 20, "fields": {"job": "my_job", "status": "Executed", "run_time": "2022-01-23T17:12:30Z", "duration": "0.28", "finished": "1642957950.28", "exception": null, "traceback": null}}, {"model": "django_apscheduler.djangojobexecution", "pk": 21, "fields": {"job": "my_job", "status": "Executed", "run_time": "2022-01-23T17:12:40Z", "duration": "0.24", "finished": "1642957960.24", "exception": null, "traceback": null}}, {"model": "django_apscheduler.djangojobexecution", "pk": 22, "fields": {"job": "my_job", "status": "Executed", "run_time": "2022-01-23T17:12:50Z", "duration": "0.22", "finished": "1642957970.22", "exception": null, "traceback": null}}, {"model": "django_apscheduler.djangojobexecution", "pk": 23, "fields": {"job": "my_job", "status": "Executed", "run_time": "2022-01-23T17:13:00Z", "duration": "0.23", "finished": "1642957980.23", "exception": null, "traceback": null}}, {"model": "django_apscheduler.djangojobexecution", "pk": 24, "fields": {"job": "my_job", "status": "Executed", "run_time": "2022-01-23T17:13:10Z", "duration": "0.22", "finished": "1642957990.22", "exception": null, "traceback": null}}, {"model": "django_apscheduler.djangojobexecution", "pk": 25, "fields": {"job": "my_job", "status": "Executed", "run_time": "2022-01-23T17:13:20Z", "duration": "0.34", "finished": "1642958000.34", "exception": null, "traceback": null}}, {"model": "django_apscheduler.djangojobexecution", "pk": 26, "fields": {"job": "my_job", "status": "Executed", "run_time": "2022-01-23T17:13:30Z", "duration": "0.25", "finished": "1642958010.25", "exception": null, "traceback": null}}, {"model": "django_apscheduler.djangojobexecution", "pk": 27, "fields": {"job": "my_job", "status": "Executed", "run_time": "2022-01-23T17:13:40Z", "duration": "0.27", "finished": "1642958020.27", "exception": null, "traceback": null}}, {"model": "django_apscheduler.djangojobexecution", "pk": 28, "fields": {"job": "my_job", "status": "Error!", "run_time": "2022-01-23T19:36:00Z", "duration": "0.44", "finished": "1642966560.44", "exception": "type object 'Post' has no attribute 'object'", "traceback": "  File \"C:\\Users\\809850\\PycharmProjects\\NewsPaper\\venv\\lib\\site-packages\\apscheduler\\executors\\base.py\", line 125, in run_job\n    retval = job.func(*job.args, **job.kwargs)\n  File \"C:\\Users\\809850\\PycharmProjects\\NewsPaper\\NewsPaper\\news\\management\\commands\\runapscheduler.py\", line 20, in my_job\n    SubscriberNotificationMail()\n  File \"C:\\Users\\809850\\PycharmProjects\\NewsPaper\\NewsPaper\\news\\views.py\", line 25, in SubscriberNotificationMail\n    Posts=Post.object.filter(Category=category)\n"}}, {"model": "django_apscheduler.djangojobexecution", "pk": 29, "fields": {"job": "my_job", "status": "Error!", "run_time": "2022-01-23T19:36:10Z", "duration": "0.32", "finished": "1642966570.32", "exception": "type object 'Post' has no attribute 'object'", "traceback": "  File \"C:\\Users\\809850\\PycharmProjects\\NewsPaper\\venv\\lib\\site-packages\\apscheduler\\executors\\base.py\", line 125, in run_job\n    retval = job.func(*job.args, **job.kwargs)\n  File \"C:\\Users\\809850\\PycharmProjects\\NewsPaper\\NewsPaper\\news\\management\\commands\\runapscheduler.py\", line 20, in my_job\n    SubscriberNotificationMail()\n  File \"C:\\Users\\809850\\PycharmProjects\\NewsPaper\\NewsPaper\\news\\views.py\", line 25, in SubscriberNotificationMail\n    Posts=Post.object.filter(Category=category)\n"}}, {"model": "django_apscheduler.djangojobexecution", "pk": 30, "fields": {"job": "my_job", "status": "Error!", "run_time": "2022-01-23T19:36:20Z", "duration": "0.35", "finished": "1642966580.35", "exception": "type object 'Post' has no attribute 'object'", "traceback": "  File \"C:\\Users\\809850\\PycharmProjects\\NewsPaper\\venv\\lib\\site-packages\\apscheduler\\executors\\base.py\", line 125, in run_job\n    retval = job.func(*job.args, **job.kwargs)\n  File \"C:\\Users\\809850\\PycharmProjects\\NewsPaper\\NewsPaper\\news\\management\\commands\\runapscheduler.py\", line 20, in my_job\n    SubscriberNotificationMail()\n  File \"C:\\Users\\809850\\PycharmProjects\\NewsPaper\\NewsPaper\\news\\views.py\", line 25, in SubscriberNotificationMail\n    Posts=Post.object.filter(Category=category)\n"}}, {"model": "django_apscheduler.djangojobexecution", "pk": 31, "fields": {"job": "my_job", "status": "Error!", "run_time": "2022-01-23T19:36:30Z", "duration": "0.28", "finished": "1642966590.28", "exception": "type object 'Post' has no attribute 'object'", "traceback": "  File \"C:\\Users\\809850\\PycharmProjects\\NewsPaper\\venv\\lib\\site-packages\\apscheduler\\executors\\base.py\", line 125, in run_job\n    retval = job.func(*job.args, **job.kwargs)\n  File \"C:\\Users\\809850\\PycharmProjects\\NewsPaper\\NewsPaper\\news\\management\\commands\\runapscheduler.py\", line 20, in my_job\n    SubscriberNotificationMail()\n  File \"C:\\Users\\809850\\PycharmProjects\\NewsPaper\\NewsPaper\\news\\views.py\", line 25, in SubscriberNotificationMail\n    Posts=Post.object.filter(Category=category)\n"}}, {"model": "django_apscheduler.djangojobexecution", "pk": 32, "fields": {"job": "my_job", "status": "Error!", "run_time": "2022-01-23T19:36:40Z", "duration": "0.29", "finished": "1642966600.29", "exception": "type object 'Post' has no attribute 'object'", "traceback": "  File \"C:\\Users\\809850\\PycharmProjects\\NewsPaper\\venv\\lib\\site-packages\\apscheduler\\executors\\base.py\", line 125, in run_job\n    retval = job.func(*job.args, **job.kwargs)\n  File \"C:\\Users\\809850\\PycharmProjects\\NewsPaper\\NewsPaper\\news\\management\\commands\\runapscheduler.py\", line 20, in my_job\n    SubscriberNotificationMail()\n  File \"C:\\Users\\809850\\PycharmProjects\\NewsPaper\\NewsPaper\\news\\views.py\", line 25, in SubscriberNotificationMail\n    Posts=Post.object.filter(Category=category)\n"}}, {"model": "django_apscheduler.djangojobexecution", "pk": 33, "fields": {"job": "my_job", "status": "Error!", "run_time": "2022-01-23T19:36:50Z", "duration": "0.29", "finished": "1642966610.29", "exception": "type object 'Post' has no attribute 'object'", "traceback": "  File \"C:\\Users\\809850\\PycharmProjects\\NewsPaper\\venv\\lib\\site-packages\\apscheduler\\executors\\base.py\", line 125, in run_job\n    retval = job.func(*job.args, **job.kwargs)\n  File \"C:\\Users\\809850\\PycharmProjects\\NewsPaper\\NewsPaper\\news\\management\\commands\\runapscheduler.py\", line 20, in my_job\n    SubscriberNotificationMail()\n  File \"C:\\Users\\809850\\PycharmProjects\\NewsPaper\\NewsPaper\\news\\views.py\", line 25, in SubscriberNotificationMail\n    Posts=Post.object.filter(Category=category)\n"}}, {"model": "django_apscheduler.djangojobexecution", "pk": 34, "fields": {"job": "my_job", "status": "Error!", "run_time": "2022-01-23T19:37:00Z", "duration": "0.28", "finished": "1642966620.28", "exception": "type object 'Post' has no attribute 'object'", "traceback": "  File \"C:\\Users\\809850\\PycharmProjects\\NewsPaper\\venv\\lib\\site-packages\\apscheduler\\executors\\base.py\", line 125, in run_job\n    retval = job.func(*job.args, **job.kwargs)\n  File \"C:\\Users\\809850\\PycharmProjects\\NewsPaper\\NewsPaper\\news\\management\\commands\\runapscheduler.py\", line 20, in my_job\n    SubscriberNotificationMail()\n  File \"C:\\Users\\809850\\PycharmProjects\\NewsPaper\\NewsPaper\\news\\views.py\", line 25, in SubscriberNotificationMail\n    Posts=Post.object.filter(Category=category)\n"}}, {"model": "django_apscheduler.djangojobexecution", "pk": 35, "fields": {"job": "my_job", "status": "Error!", "run_time": "2022-01-23T19:37:10Z", "duration": "0.26", "finished": "1642966630.26", "exception": "type object 'Post' has no attribute 'object'", "traceback": "  File \"C:\\Users\\809850\\PycharmProjects\\NewsPaper\\venv\\lib\\site-packages\\apscheduler\\executors\\base.py\", line 125, in run_job\n    retval = job.func(*job.args, **job.kwargs)\n  File \"C:\\Users\\809850\\PycharmProjects\\NewsPaper\\NewsPaper\\news\\management\\commands\\runapscheduler.py\", line 20, in my_job\n    SubscriberNotificationMail()\n  File \"C:\\Users\\809850\\PycharmProjects\\NewsPaper\\NewsPaper\\news\\views.py\", line 25, in SubscriberNotificationMail\n    Posts=Post.object.filter(Category=category)\n"}}, {"model": "django_apscheduler.djangojobexecution", "pk": 36, "fields": {"job": "my_job", "status": "Error!", "run_time": "2022-01-23T19:37:20Z", "duration": "0.33", "finished": "1642966640.33", "exception": "type object 'Post' has no attribute 'object'", "traceback": "  File \"C:\\Users\\809850\\PycharmProjects\\NewsPaper\\venv\\lib\\site-packages\\apscheduler\\executors\\base.py\", line 125, in run_job\n    retval = job.func(*job.args, **job.kwargs)\n  File \"C:\\Users\\809850\\PycharmProjects\\NewsPaper\\NewsPaper\\news\\management\\commands\\runapscheduler.py\", line 20, in my_job\n    SubscriberNotificationMail()\n  File \"C:\\Users\\809850\\PycharmProjects\\NewsPaper\\NewsPaper\\news\\views.py\", line 25, in SubscriberNotificationMail\n    Posts=Post.object.filter(Category=category)\n"}}, {"model": "django_apscheduler.djangojobexecution", "pk": 37, "fields": {"job": "my_job", "status": "Error!", "run_time": "2022-01-23T19:37:30Z", "duration": "0.36", "finished": "1642966650.36", "exception": "type object 'Post' has no attribute 'object'", "traceback": "  File \"C:\\Users\\809850\\PycharmProjects\\NewsPaper\\venv\\lib\\site-packages\\apscheduler\\executors\\base.py\", line 125, in run_job\n    retval = job.func(*job.args, **job.kwargs)\n  File \"C:\\Users\\809850\\PycharmProjects\\NewsPaper\\NewsPaper\\news\\management\\commands\\runapscheduler.py\", line 20, in my_job\n    SubscriberNotificationMail()\n  File \"C:\\Users\\809850\\PycharmProjects\\NewsPaper\\NewsPaper\\news\\views.py\", line 25, in SubscriberNotificationMail\n    Posts=Post.object.filter(Category=category)\n"}}, {"model": "django_apscheduler.djangojobexecution", "pk": 38, "fields": {"job": "my_job", "status": "Error!", "run_time": "2022-01-23T19:37:40Z", "duration": "0.32", "finished": "1642966660.32", "exception": "type object 'Post' has no attribute 'object'", "traceback": "  File \"C:\\Users\\809850\\PycharmProjects\\NewsPaper\\venv\\lib\\site-packages\\apscheduler\\executors\\base.py\", line 125, in run_job\n    retval = job.func(*job.args, **job.kwargs)\n  File \"C:\\Users\\809850\\PycharmProjects\\NewsPaper\\NewsPaper\\news\\management\\commands\\runapscheduler.py\", line 20, in my_job\n    SubscriberNotificationMail()\n  File \"C:\\Users\\809850\\PycharmProjects\\NewsPaper\\NewsPaper\\news\\views.py\", line 25, in SubscriberNotificationMail\n    Posts=Post.objects.filter(Category=category)\n"}}, {"model": "django_apscheduler.djangojobexecution", "pk": 39, "fields": {"job": "my_job", "status": "Error!", "run_time": "2022-01-23T19:37:50Z", "duration": "0.34", "finished": "1642966670.34", "exception": "type object 'Post' has no attribute 'object'", "traceback": "  File \"C:\\Users\\809850\\PycharmProjects\\NewsPaper\\venv\\lib\\site-packages\\apscheduler\\executors\\base.py\", line 125, in run_job\n    retval = job.func(*job.args, **job.kwargs)\n  File \"C:\\Users\\809850\\PycharmProjects\\NewsPaper\\NewsPaper\\news\\management\\commands\\runapscheduler.py\", line 20, in my_job\n    SubscriberNotificationMail()\n  File \"C:\\Users\\809850\\PycharmProjects\\NewsPaper\\NewsPaper\\news\\views.py\", line 25, in SubscriberNotificationMail\n    Posts=Post.objects.filter(Category=category)\n"}}, {"model": "django_apscheduler.djangojobexecution", "pk": 40, "fields": {"job": "my_job", "status": "Error!", "run_time": "2022-01-23T19:38:10Z", "duration": "0.36", "finished": "1642966690.36", "exception": "Cannot resolve keyword 'Category' into field. Choices are: author, author_id, categoryType, comment, dateCreation, id, postCategory, postcategory, quantity, rating, text, title", "traceback": "  File \"C:\\Users\\809850\\PycharmProjects\\NewsPaper\\venv\\lib\\site-packages\\apscheduler\\executors\\base.py\", line 125, in run_job\n    retval = job.func(*job.args, **job.kwargs)\n  File \"C:\\Users\\809850\\PycharmProjects\\NewsPaper\\NewsPaper\\news\\management\\commands\\runapscheduler.py\", line 20, in my_job\n    SubscriberNotificationMail()\n  File \"C:\\Users\\809850\\PycharmProjects\\NewsPaper\\NewsPaper\\news\\views.py\", line 25, in SubscriberNotificationMail\n    Posts=Post.objects.filter(Category=category)\n  File \"C:\\Users\\809850\\PycharmProjects\\NewsPaper\\venv\\lib\\site-packages\\django\\db\\models\\manager.py\", line 85, in manager_method\n    return getattr(self.get_queryset(), name)(*args, **kwargs)\n  File \"C:\\Users\\809850\\PycharmProjects\\NewsPaper\\venv\\lib\\site-packages\\django\\db\\models\\query.py\", line 941, in filter\n    return self._filter_or_exclude(False, args, kwargs)\n  File \"C:\\Users\\809850\\PycharmProjects\\NewsPaper\\venv\\lib\\site-packages\\django\\db\\models\\query.py\", line 961, in _filter_or_exclude\n    clone._filter_or_exclude_inplace(negate, args, kwargs)\n  File \"C:\\Users\\809850\\PycharmProjects\\NewsPaper\\venv\\lib\\site-packages\\django\\db\\models\\query.py\", line 968, in _filter_or_exclude_inplace\n    self._query.add_q(Q(*args, **kwargs))\n  File \"C:\\Users\\809850\\PycharmProjects\\NewsPaper\\venv\\lib\\site-packages\\django\\db\\models\\sql\\query.py\", line 1393, in add_q\n    clause, _ = self._add_q(q_object, self.used_aliases)\n  File \"C:\\Users\\809850\\PycharmProjects\\NewsPaper\\venv\\lib\\site-packages\\django\\db\\models\\sql\\query.py\", line 1412, in _add_q\n    child_clause, needed_inner = self.build_filter(\n  File \"C:\\Users\\809850\\PycharmProjects\\NewsPaper\\venv\\lib\\site-packages\\django\\db\\models\\sql\\query.py\", line 1286, in build_filter\n    lookups, parts, reffed_expression = self.solve_lookup_type(arg)\n  File \"C:\\Users\\809850\\PycharmProjects\\NewsPaper\\venv\\lib\\site-packages\\django\\db\\models\\sql\\query.py\", line 1112, in solve_lookup_type\n    _, field, _, lookup_parts = self.names_to_path(lookup_splitted, self.get_meta())\n  File \"C:\\Users\\809850\\PycharmProjects\\NewsPaper\\venv\\lib\\site-packages\\django\\db\\models\\sql\\query.py\", line 1539, in names_to_path\n    raise FieldError(\"Cannot resolve keyword '%s' into field. \"\n"}}, {"model": "django_apscheduler.djangojobexecution", "pk": 41, "fields": {"job": "my_job", "status": "Error!", "run_time": "2022-01-23T19:38:20Z", "duration": "0.31", "finished": "1642966700.31", "exception": "Cannot resolve keyword 'Category' into field. Choices are: author, author_id, categoryType, comment, dateCreation, id, postCategory, postcategory, quantity, rating, text, title", "traceback": "  File \"C:\\Users\\809850\\PycharmProjects\\NewsPaper\\venv\\lib\\site-packages\\apscheduler\\executors\\base.py\", line 125, in run_job\n    retval = job.func(*job.args, **job.kwargs)\n  File \"C:\\Users\\809850\\PycharmProjects\\NewsPaper\\NewsPaper\\news\\management\\commands\\runapscheduler.py\", line 20, in my_job\n    SubscriberNotificationMail()\n  File \"C:\\Users\\809850\\PycharmProjects\\NewsPaper\\NewsPaper\\news\\views.py\", line 25, in SubscriberNotificationMail\n    Posts=Post.objects.filter(Category=category)\n  File \"C:\\Users\\809850\\PycharmProjects\\NewsPaper\\venv\\lib\\site-packages\\django\\db\\models\\manager.py\", line 85, in manager_method\n    return getattr(self.get_queryset(), name)(*args, **kwargs)\n  File \"C:\\Users\\809850\\PycharmProjects\\NewsPaper\\venv\\lib\\site-packages\\django\\db\\models\\query.py\", line 941, in filter\n    return self._filter_or_exclude(False, args, kwargs)\n  File \"C:\\Users\\809850\\PycharmProjects\\NewsPaper\\venv\\lib\\site-packages\\django\\db\\models\\query.py\", line 961, in _filter_or_exclude\n    clone._filter_or_exclude_inplace(negate, args, kwargs)\n  File \"C:\\Users\\809850\\PycharmProjects\\NewsPaper\\venv\\lib\\site-packages\\django\\db\\models\\query.py\", line 968, in _filter_or_exclude_inplace\n    self._query.add_q(Q(*args, **kwargs))\n  File \"C:\\Users\\809850\\PycharmProjects\\NewsPaper\\venv\\lib\\site-packages\\django\\db\\models\\sql\\query.py\", line 1393, in add_q\n    clause, _ = self._add_q(q_object, self.used_aliases)\n  File \"C:\\Users\\809850\\PycharmProjects\\NewsPaper\\venv\\lib\\site-packages\\django\\db\\models\\sql\\query.py\", line 1412, in _add_q\n    child_clause, needed_inner = self.build_filter(\n  File \"C:\\Users\\809850\\PycharmProjects\\NewsPaper\\venv\\lib\\site-packages\\django\\db\\models\\sql\\query.py\", line 1286, in build_filter\n    lookups, parts, reffed_expression = self.solve_lookup_type(arg)\n  File \"C:\\Users\\809850\\PycharmProjects\\NewsPaper\\venv\\lib\\site-packages\\django\\db\\models\\sql\\query.py\", line 1112, in solve_lookup_type\n    _, field, _, lookup_parts = self.names_to_path(lookup_splitted, self.get_meta())\n  File \"C:\\Users\\809850\\PycharmProjects\\NewsPaper\\venv\\lib\\site-packages\\django\\db\\models\\sql\\query.py\", line 1539, in names_to_path\n    raise FieldError(\"Cannot resolve keyword '%s' into field. \"\n"}}, {"model": "django_apscheduler.djangojobexecution", "pk": 42, "fields": {"job": "my_job", "status": "Error!", "run_time": "2022-01-23T19:38:30Z", "duration": "0.27", "finished": "1642966710.27", "exception": "Cannot resolve keyword 'Category' into field. Choices are: author, author_id, categoryType, comment, dateCreation, id, postCategory, postcategory, quantity, rating, text, title", "traceback": "  File \"C:\\Users\\809850\\PycharmProjects\\NewsPaper\\venv\\lib\\site-packages\\apscheduler\\executors\\base.py\", line 125, in run_job\n    retval = job.func(*job.args, **job.kwargs)\n  File \"C:\\Users\\809850\\PycharmProjects\\NewsPaper\\NewsPaper\\news\\management\\commands\\runapscheduler.py\", line 20, in my_job\n    SubscriberNotificationMail()\n  File \"C:\\Users\\809850\\PycharmProjects\\NewsPaper\\NewsPaper\\news\\views.py\", line 25, in SubscriberNotificationMail\n    Posts=Post.objects.filter(Category=category)\n  File \"C:\\Users\\809850\\PycharmProjects\\NewsPaper\\venv\\lib\\site-packages\\django\\db\\models\\manager.py\", line 85, in manager_method\n    return getattr(self.get_queryset(), name)(*args, **kwargs)\n  File \"C:\\Users\\809850\\PycharmProjects\\NewsPaper\\venv\\lib\\site-packages\\django\\db\\models\\query.py\", line 941, in filter\n    return self._filter_or_exclude(False, args, kwargs)\n  File \"C:\\Users\\809850\\PycharmProjects\\NewsPaper\\venv\\lib\\site-packages\\django\\db\\models\\query.py\", line 961, in _filter_or_exclude\n    clone._filter_or_exclude_inplace(negate, args, kwargs)\n  File \"C:\\Users\\809850\\PycharmProjects\\NewsPaper\\venv\\lib\\site-packages\\django\\db\\models\\query.py\", line 968, in _filter_or_exclude_inplace\n    self._query.add_q(Q(*args, **kwargs))\n  File \"C:\\Users\\809850\\PycharmProjects\\NewsPaper\\venv\\lib\\site-packages\\django\\db\\models\\sql\\query.py\", line 1393, in add_q\n    clause, _ = self._add_q(q_object, self.used_aliases)\n  File \"C:\\Users\\809850\\PycharmProjects\\NewsPaper\\venv\\lib\\site-packages\\django\\db\\models\\sql\\query.py\", line 1412, in _add_q\n    child_clause, needed_inner = self.build_filter(\n  File \"C:\\Users\\809850\\PycharmProjects\\NewsPaper\\venv\\lib\\site-packages\\django\\db\\models\\sql\\query.py\", line 1286, in build_filter\n    lookups, parts, reffed_expression = self.solve_lookup_type(arg)\n  File \"C:\\Users\\809850\\PycharmProjects\\NewsPaper\\venv\\lib\\site-packages\\django\\db\\models\\sql\\query.py\", line 1112, in solve_lookup_type\n    _, field, _, lookup_parts = self.names_to_path(lookup_splitted, self.get_meta())\n  File \"C:\\Users\\809850\\PycharmProjects\\NewsPaper\\venv\\lib\\site-packages\\django\\db\\models\\sql\\query.py\", line 1539, in names_to_path\n    raise FieldError(\"Cannot resolve keyword '%s' into field. \"\n"}}, {"model": "django_apscheduler.djangojobexecution", "pk": 43, "fields": {"job": "my_job", "status": "Error!", "run_time": "2022-01-23T19:38:40Z", "duration": "0.27", "finished": "1642966720.27", "exception": "Cannot resolve keyword 'Category' into field. Choices are: author, author_id, categoryType, comment, dateCreation, id, postCategory, postcategory, quantity, rating, text, title", "traceback": "  File \"C:\\Users\\809850\\PycharmProjects\\NewsPaper\\venv\\lib\\site-packages\\apscheduler\\executors\\base.py\", line 125, in run_job\n    retval = job.func(*job.args, **job.kwargs)\n  File \"C:\\Users\\809850\\PycharmProjects\\NewsPaper\\NewsPaper\\news\\management\\commands\\runapscheduler.py\", line 20, in my_job\n    SubscriberNotificationMail()\n  File \"C:\\Users\\809850\\PycharmProjects\\NewsPaper\\NewsPaper\\news\\views.py\", line 25, in SubscriberNotificationMail\n    Posts=Post.objects.filter(Category=category)\n  File \"C:\\Users\\809850\\PycharmProjects\\NewsPaper\\venv\\lib\\site-packages\\django\\db\\models\\manager.py\", line 85, in manager_method\n    return getattr(self.get_queryset(), name)(*args, **kwargs)\n  File \"C:\\Users\\809850\\PycharmProjects\\NewsPaper\\venv\\lib\\site-packages\\django\\db\\models\\query.py\", line 941, in filter\n    return self._filter_or_exclude(False, args, kwargs)\n  File \"C:\\Users\\809850\\PycharmProjects\\NewsPaper\\venv\\lib\\site-packages\\django\\db\\models\\query.py\", line 961, in _filter_or_exclude\n    clone._filter_or_exclude_inplace(negate, args, kwargs)\n  File \"C:\\Users\\809850\\PycharmProjects\\NewsPaper\\venv\\lib\\site-packages\\django\\db\\models\\query.py\", line 968, in _filter_or_exclude_inplace\n    self._query.add_q(Q(*args, **kwargs))\n  File \"C:\\Users\\809850\\PycharmProjects\\NewsPaper\\venv\\lib\\site-packages\\django\\db\\models\\sql\\query.py\", line 1393, in add_q\n    clause, _ = self._add_q(q_object, self.used_aliases)\n  File \"C:\\Users\\809850\\PycharmProjects\\NewsPaper\\venv\\lib\\site-packages\\django\\db\\models\\sql\\query.py\", line 1412, in _add_q\n    child_clause, needed_inner = self.build_filter(\n  File \"C:\\Users\\809850\\PycharmProjects\\NewsPaper\\venv\\lib\\site-packages\\django\\db\\models\\sql\\query.py\", line 1286, in build_filter\n    lookups, parts, reffed_expression = self.solve_lookup_type(arg)\n  File \"C:\\Users\\809850\\PycharmProjects\\NewsPaper\\venv\\lib\\site-packages\\django\\db\\models\\sql\\query.py\", line 1112, in solve_lookup_type\n    _, field, _, lookup_parts = self.names_to_path(lookup_splitted, self.get_meta())\n  File \"C:\\Users\\809850\\PycharmProjects\\NewsPaper\\venv\\lib\\site-packages\\django\\db\\models\\sql\\query.py\", line 1539, in names_to_path\n    raise FieldError(\"Cannot resolve keyword '%s' into field. \"\n"}}, {"model": "django_apscheduler.djangojobexecution", "pk": 44, "fields": {"job": "my_job", "status": "Error!", "run_time": "2022-01-23T19:38:50Z", "duration": "0.31", "finished": "1642966730.31", "exception": "Cannot resolve keyword 'Category' into field. Choices are: author, author_id, categoryType, comment, dateCreation, id, postCategory, postcategory, quantity, rating, text, title", "traceback": "  File \"C:\\Users\\809850\\PycharmProjects\\NewsPaper\\venv\\lib\\site-packages\\apscheduler\\executors\\base.py\", line 125, in run_job\n    retval = job.func(*job.args, **job.kwargs)\n  File \"C:\\Users\\809850\\PycharmProjects\\NewsPaper\\NewsPaper\\news\\management\\commands\\runapscheduler.py\", line 20, in my_job\n    SubscriberNotificationMail()\n  File \"C:\\Users\\809850\\PycharmProjects\\NewsPaper\\NewsPaper\\news\\views.py\", line 25, in SubscriberNotificationMail\n    Posts=Post.objects.filter(Category=category)\n  File \"C:\\Users\\809850\\PycharmProjects\\NewsPaper\\venv\\lib\\site-packages\\django\\db\\models\\manager.py\", line 85, in manager_method\n    return getattr(self.get_queryset(), name)(*args, **kwargs)\n  File \"C:\\Users\\809850\\PycharmProjects\\NewsPaper\\venv\\lib\\site-packages\\django\\db\\models\\query.py\", line 941, in filter\n    return self._filter_or_exclude(False, args, kwargs)\n  File \"C:\\Users\\809850\\PycharmProjects\\NewsPaper\\venv\\lib\\site-packages\\django\\db\\models\\query.py\", line 961, in _filter_or_exclude\n    clone._filter_or_exclude_inplace(negate, args, kwargs)\n  File \"C:\\Users\\809850\\PycharmProjects\\NewsPaper\\venv\\lib\\site-packages\\django\\db\\models\\query.py\", line 968, in _filter_or_exclude_inplace\n    self._query.add_q(Q(*args, **kwargs))\n  File \"C:\\Users\\809850\\PycharmProjects\\NewsPaper\\venv\\lib\\site-packages\\django\\db\\models\\sql\\query.py\", line 1393, in add_q\n    clause, _ = self._add_q(q_object, self.used_aliases)\n  File \"C:\\Users\\809850\\PycharmProjects\\NewsPaper\\venv\\lib\\site-packages\\django\\db\\models\\sql\\query.py\", line 1412, in _add_q\n    child_clause, needed_inner = self.build_filter(\n  File \"C:\\Users\\809850\\PycharmProjects\\NewsPaper\\venv\\lib\\site-packages\\django\\db\\models\\sql\\query.py\", line 1286, in build_filter\n    lookups, parts, reffed_expression = self.solve_lookup_type(arg)\n  File \"C:\\Users\\809850\\PycharmProjects\\NewsPaper\\venv\\lib\\site-packages\\django\\db\\models\\sql\\query.py\", line 1112, in solve_lookup_type\n    _, field, _, lookup_parts = self.names_to_path(lookup_splitted, self.get_meta())\n  File \"C:\\Users\\809850\\PycharmProjects\\NewsPaper\\venv\\lib\\site-packages\\django\\db\\models\\sql\\query.py\", line 1539, in names_to_path\n    raise FieldError(\"Cannot resolve keyword '%s' into field. \"\n"}}, {"model": "django_apscheduler.djangojobexecution", "pk": 45, "fields": {"job": "my_job", "status": "Error!", "run_time": "2022-01-23T19:39:00Z", "duration": "0.25", "finished": "1642966740.25", "exception": "Cannot resolve keyword 'Category' into field. Choices are: author, author_id, categoryType, comment, dateCreation, id, postCategory, postcategory, quantity, rating, text, title", "traceback": "  File \"C:\\Users\\809850\\PycharmProjects\\NewsPaper\\venv\\lib\\site-packages\\apscheduler\\executors\\base.py\", line 125, in run_job\n    retval = job.func(*job.args, **job.kwargs)\n  File \"C:\\Users\\809850\\PycharmProjects\\NewsPaper\\NewsPaper\\news\\management\\commands\\runapscheduler.py\", line 20, in my_job\n    SubscriberNotificationMail()\n  File \"C:\\Users\\809850\\PycharmProjects\\NewsPaper\\NewsPaper\\news\\views.py\", line 25, in SubscriberNotificationMail\n    Posts=Post.objects.filter(Category=category)\n  File \"C:\\Users\\809850\\PycharmProjects\\NewsPaper\\venv\\lib\\site-packages\\django\\db\\models\\manager.py\", line 85, in manager_method\n    return getattr(self.get_queryset(), name)(*args, **kwargs)\n  File \"C:\\Users\\809850\\PycharmProjects\\NewsPaper\\venv\\lib\\site-packages\\django\\db\\models\\query.py\", line 941, in filter\n    return self._filter_or_exclude(False, args, kwargs)\n  File \"C:\\Users\\809850\\PycharmProjects\\NewsPaper\\venv\\lib\\site-packages\\django\\db\\models\\query.py\", line 961, in _filter_or_exclude\n    clone._filter_or_exclude_inplace(negate, args, kwargs)\n  File \"C:\\Users\\809850\\PycharmProjects\\NewsPaper\\venv\\lib\\site-packages\\django\\db\\models\\query.py\", line 968, in _filter_or_exclude_inplace\n    self._query.add_q(Q(*args, **kwargs))\n  File \"C:\\Users\\809850\\PycharmProjects\\NewsPaper\\venv\\lib\\site-packages\\django\\db\\models\\sql\\query.py\", line 1393, in add_q\n    clause, _ = self._add_q(q_object, self.used_aliases)\n  File \"C:\\Users\\809850\\PycharmProjects\\NewsPaper\\venv\\lib\\site-packages\\django\\db\\models\\sql\\query.py\", line 1412, in _add_q\n    child_clause, needed_inner = self.build_filter(\n  File \"C:\\Users\\809850\\PycharmProjects\\NewsPaper\\venv\\lib\\site-packages\\django\\db\\models\\sql\\query.py\", line 1286, in build_filter\n    lookups, parts, reffed_expression = self.solve_lookup_type(arg)\n  File \"C:\\Users\\809850\\PycharmProjects\\NewsPaper\\venv\\lib\\site-packages\\django\\db\\models\\sql\\query.py\", line 1112, in solve_lookup_type\n    _, field, _, lookup_parts = self.names_to_path(lookup_splitted, self.get_meta())\n  File \"C:\\Users\\809850\\PycharmProjects\\NewsPaper\\venv\\lib\\site-packages\\django\\db\\models\\sql\\query.py\", line 1539, in names_to_path\n    raise FieldError(\"Cannot resolve keyword '%s' into field. \"\n"}}, {"model": "django_apscheduler.djangojobexecution", "pk": 46, "fields": {"job": "my_job", "status": "Error!", "run_time": "2022-01-23T19:39:10Z", "duration": "0.24", "finished": "1642966750.24", "exception": "Cannot resolve keyword 'Category' into field. Choices are: author, author_id, categoryType, comment, dateCreation, id, postCategory, postcategory, quantity, rating, text, title", "traceback": "  File \"C:\\Users\\809850\\PycharmProjects\\NewsPaper\\venv\\lib\\site-packages\\apscheduler\\executors\\base.py\", line 125, in run_job\n    retval = job.func(*job.args, **job.kwargs)\n  File \"C:\\Users\\809850\\PycharmProjects\\NewsPaper\\NewsPaper\\news\\management\\commands\\runapscheduler.py\", line 20, in my_job\n    SubscriberNotificationMail()\n  File \"C:\\Users\\809850\\PycharmProjects\\NewsPaper\\NewsPaper\\news\\views.py\", line 25, in SubscriberNotificationMail\n    Posts=Post.objects.filter(postCategory=category)\n  File \"C:\\Users\\809850\\PycharmProjects\\NewsPaper\\venv\\lib\\site-packages\\django\\db\\models\\manager.py\", line 85, in manager_method\n    return getattr(self.get_queryset(), name)(*args, **kwargs)\n  File \"C:\\Users\\809850\\PycharmProjects\\NewsPaper\\venv\\lib\\site-packages\\django\\db\\models\\query.py\", line 941, in filter\n    return self._filter_or_exclude(False, args, kwargs)\n  File \"C:\\Users\\809850\\PycharmProjects\\NewsPaper\\venv\\lib\\site-packages\\django\\db\\models\\query.py\", line 961, in _filter_or_exclude\n    clone._filter_or_exclude_inplace(negate, args, kwargs)\n  File \"C:\\Users\\809850\\PycharmProjects\\NewsPaper\\venv\\lib\\site-packages\\django\\db\\models\\query.py\", line 968, in _filter_or_exclude_inplace\n    self._query.add_q(Q(*args, **kwargs))\n  File \"C:\\Users\\809850\\PycharmProjects\\NewsPaper\\venv\\lib\\site-packages\\django\\db\\models\\sql\\query.py\", line 1393, in add_q\n    clause, _ = self._add_q(q_object, self.used_aliases)\n  File \"C:\\Users\\809850\\PycharmProjects\\NewsPaper\\venv\\lib\\site-packages\\django\\db\\models\\sql\\query.py\", line 1412, in _add_q\n    child_clause, needed_inner = self.build_filter(\n  File \"C:\\Users\\809850\\PycharmProjects\\NewsPaper\\venv\\lib\\site-packages\\django\\db\\models\\sql\\query.py\", line 1286, in build_filter\n    lookups, parts, reffed_expression = self.solve_lookup_type(arg)\n  File \"C:\\Users\\809850\\PycharmProjects\\NewsPaper\\venv\\lib\\site-packages\\django\\db\\models\\sql\\query.py\", line 1112, in solve_lookup_type\n    _, field, _, lookup_parts = self.names_to_path(lookup_splitted, self.get_meta())\n  File \"C:\\Users\\809850\\PycharmProjects\\NewsPaper\\venv\\lib\\site-packages\\django\\db\\models\\sql\\query.py\", line 1539, in names_to_path\n    raise FieldError(\"Cannot resolve keyword '%s' into field. \"\n"}}, {"model": "django_apscheduler.djangojobexecution", "pk": 47, "fields": {"job": "my_job", "status": "Executed", "run_time": "2022-01-23T19:39:30Z", "duration": "0.34", "finished": "1642966770.34", "exception": null, "traceback": null}}, {"model": "django_apscheduler.djangojobexecution", "pk": 48, "fields": {"job": "my_job", "status": "Executed", "run_time": "2022-01-23T19:39:40Z", "duration": "0.35", "finished": "1642966780.35", "exception": null, "traceback": null}}, {"model": "django_apscheduler.djangojobexecution", "pk": 49, "fields": {"job": "my_job", "status": "Executed", "run_time": "2022-01-23T19:39:50Z", "duration": "0.28", "finished": "1642966790.28", "exception": null, "traceback": null}}, {"model": "django_apscheduler.djangojobexecution", "pk": 50, "fields": {"job": "my_job", "status": "Executed", "run_time": "2022-01-23T19:40:00Z", "duration": "0.31", "finished": "1642966800.31", "exception": null, "traceback": null}}, {"model": "django_apscheduler.djangojobexecution", "pk": 51, "fields": {"job": "my_job", "status": "Executed", "run_time": "2022-01-23T19:40:10Z", "duration": "0.28", "finished": "1642966810.28", "exception": null, "traceback": null}}, {"model": "django_apscheduler.djangojobexecution", "pk": 52, "fields": {"job": "my_job", "status": "Error!", "run_time": "2022-01-23T19:50:40Z", "duration": "0.46", "finished": "1642967440.46", "exception": "name 'xxx' is not defined", "traceback": "  File \"C:\\Users\\809850\\PycharmProjects\\NewsPaper\\venv\\lib\\site-packages\\apscheduler\\executors\\base.py\", line 125, in run_job\n    retval = job.func(*job.args, **job.kwargs)\n  File \"C:\\Users\\809850\\PycharmProjects\\NewsPaper\\NewsPaper\\news\\management\\commands\\runapscheduler.py\", line 20, in my_job\n    SubscriberNotificationMail()\n  File \"C:\\Users\\809850\\PycharmProjects\\NewsPaper\\NewsPaper\\news\\views.py\", line 36, in SubscriberNotificationMail\n    xxx\n"}}, {"model": "django_apscheduler.djangojobexecution", "pk": 53, "fields": {"job": "my_job", "status": "Error!", "run_time": "2022-01-23T19:50:50Z", "duration": "0.40", "finished": "1642967450.40", "exception": "name 'xxx' is not defined", "traceback": "  File \"C:\\Users\\809850\\PycharmProjects\\NewsPaper\\venv\\lib\\site-packages\\apscheduler\\executors\\base.py\", line 125, in run_job\n    retval = job.func(*job.args, **job.kwargs)\n  File \"C:\\Users\\809850\\PycharmProjects\\NewsPaper\\NewsPaper\\news\\management\\commands\\runapscheduler.py\", line 20, in my_job\n    SubscriberNotificationMail()\n  File \"C:\\Users\\809850\\PycharmProjects\\NewsPaper\\NewsPaper\\news\\views.py\", line 36, in SubscriberNotificationMail\n    xxx\n"}}, {"model": "django_apscheduler.djangojobexecution", "pk": 54, "fields": {"job": "my_job", "status": "Error!", "run_time": "2022-01-23T19:51:00Z", "duration": "0.32", "finished": "1642967460.32", "exception": "name 'xxx' is not defined", "traceback": "  File \"C:\\Users\\809850\\PycharmProjects\\NewsPaper\\venv\\lib\\site-packages\\apscheduler\\executors\\base.py\", line 125, in run_job\n    retval = job.func(*job.args, **job.kwargs)\n  File \"C:\\Users\\809850\\PycharmProjects\\NewsPaper\\NewsPaper\\news\\management\\commands\\runapscheduler.py\", line 20, in my_job\n    SubscriberNotificationMail()\n  File \"C:\\Users\\809850\\PycharmProjects\\NewsPaper\\NewsPaper\\news\\views.py\", line 36, in SubscriberNotificationMail\n    xxx\n"}}, {"model": "django_apscheduler.djangojobexecution", "pk": 55, "fields": {"job": "my_job", "status": "Error!", "run_time": "2022-01-23T19:51:10Z", "duration": "0.35", "finished": "1642967470.35", "exception": "name 'xxx' is not defined", "traceback": "  File \"C:\\Users\\809850\\PycharmProjects\\NewsPaper\\venv\\lib\\site-packages\\apscheduler\\executors\\base.py\", line 125, in run_job\n    retval = job.func(*job.args, **job.kwargs)\n  File \"C:\\Users\\809850\\PycharmProjects\\NewsPaper\\NewsPaper\\news\\management\\commands\\runapscheduler.py\", line 20, in my_job\n    SubscriberNotificationMail()\n  File \"C:\\Users\\809850\\PycharmProjects\\NewsPaper\\NewsPaper\\news\\views.py\", line 36, in SubscriberNotificationMail\n    xxx\n"}}, {"model": "django_apscheduler.djangojobexecution", "pk": 56, "fields": {"job": "my_job", "status": "Executed", "run_time": "2022-01-23T20:00:00Z", "duration": "3.77", "finished": "1642968003.77", "exception": null, "traceback": null}}, {"model": "django_apscheduler.djangojobexecution", "pk": 57, "fields": {"job": "my_job", "status": "Executed", "run_time": "2022-01-23T20:10:00Z", "duration": "3.66", "finished": "1642968603.66", "exception": null, "traceback": null}}, {"model": "django_apscheduler.djangojobexecution", "pk": 58, "fields": {"job": "my_job", "status": "Executed", "run_time": "2022-01-23T20:20:00Z", "duration": "3.31", "finished": "1642969203.31", "exception": null, "traceback": null}}, {"model": "django_apscheduler.djangojobexecution", "pk": 59, "fields": {"job": "my_job", "status": "Started execution", "run_time": "2022-01-23T20:29:30Z", "duration": null, "finished": null, "exception": null, "traceback": null}}, {"model": "django_apscheduler.djangojobexecution", "pk": 60, "fields": {"job": "my_job", "status": "Max instances!", "run_time": "2022-01-23T20:29:40Z", "duration": "0.50", "finished": "1642969780.50", "exception": "Execution of job 'my_job' skipped: maximum number of running instances reached!", "traceback": null}}, {"model": "django_apscheduler.djangojobexecution", "pk": 61, "fields": {"job": "my_job", "status": "Max instances!", "run_time": "2022-01-23T20:29:50Z", "duration": "0.40", "finished": "1642969790.40", "exception": "Execution of job 'my_job' skipped: maximum number of running instances reached!", "traceback": null}}, {"model": "django_apscheduler.djangojobexecution", "pk": 62, "fields": {"job": "my_job", "status": "Max instances!", "run_time": "2022-01-23T20:30:00Z", "duration": "0.37", "finished": "1642969800.37", "exception": "Execution of job 'my_job' skipped: maximum number of running instances reached!", "traceback": null}}, {"model": "django_apscheduler.djangojobexecution", "pk": 63, "fields": {"job": "my_job", "status": "Max instances!", "run_time": "2022-01-23T20:30:10Z", "duration": "0.45", "finished": "1642969810.45", "exception": "Execution of job 'my_job' skipped: maximum number of running instances reached!", "traceback": null}}, {"model": "django_apscheduler.djangojobexecution", "pk": 64, "fields": {"job": "my_job", "status": "Max instances!", "run_time": "2022-01-23T20:30:20Z", "duration": "0.42", "finished": "1642969820.42", "exception": "Execution of job 'my_job' skipped: maximum number of running instances reached!", "traceback": null}}, {"model": "django_apscheduler.djangojobexecution", "pk": 65, "fields": {"job": "my_job", "status": "Max instances!", "run_time": "2022-01-23T20:30:30Z", "duration": "0.47", "finished": "1642969830.47", "exception": "Execution of job 'my_job' skipped: maximum number of running instances reached!", "traceback": null}}, {"model": "django_apscheduler.djangojobexecution", "pk": 66, "fields": {"job": "my_job", "status": "Max instances!", "run_time": "2022-01-23T20:30:40Z", "duration": "0.48", "finished": "1642969840.48", "exception": "Execution of job 'my_job' skipped: maximum number of running instances reached!", "traceback": null}}, {"model": "django_apscheduler.djangojobexecution", "pk": 67, "fields": {"job": "my_job", "status": "Max instances!", "run_time": "2022-01-23T20:30:50Z", "duration": "0.45", "finished": "1642969850.45", "exception": "Execution of job 'my_job' skipped: maximum number of running instances reached!", "traceback": null}}, {"model": "django_apscheduler.djangojobexecution", "pk": 68, "fields": {"job": "my_job", "status": "Max instances!", "run_time": "2022-01-23T20:31:00Z", "duration": "0.40", "finished": "1642969860.40", "exception": "Execution of job 'my_job' skipped: maximum number of running instances reached!", "traceback": null}}, {"model": "django_apscheduler.djangojobexecution", "pk": 69, "fields": {"job": "my_job", "status": "Max instances!", "run_time": "2022-01-23T20:31:10Z", "duration": "0.45", "finished": "1642969870.45", "exception": "Execution of job 'my_job' skipped: maximum number of running instances reached!", "traceback": null}}, {"model": "django_apscheduler.djangojobexecution", "pk": 70, "fields": {"job": "my_job", "status": "Max instances!", "run_time": "2022-01-23T20:31:20Z", "duration": "0.56", "finished": "1642969880.56", "exception": "Execution of job 'my_job' skipped: maximum number of running instances reached!", "traceback": null}}, {"model": "django_apscheduler.djangojobexecution", "pk": 71, "fields": {"job": "my_job", "status": "Max instances!", "run_time": "2022-01-23T20:31:30Z", "duration": "0.40", "finished": "1642969890.40", "exception": "Execution of job 'my_job' skipped: maximum number of running instances reached!", "traceback": null}}, {"model": "django_apscheduler.djangojobexecution", "pk": 72, "fields": {"job": "my_job", "status": "Max instances!", "run_time": "2022-01-23T20:31:40Z", "duration": "0.43", "finished": "1642969900.43", "exception": "Execution of job 'my_job' skipped: maximum number of running instances reached!", "traceback": null}}, {"model": "django_apscheduler.djangojobexecution", "pk": 73, "fields": {"job": "my_job", "status": "Max instances!", "run_time": "2022-01-23T20:31:50Z", "duration": "0.45", "finished": "1642969910.45", "exception": "Execution of job 'my_job' skipped: maximum number of running instances reached!", "traceback": null}}, {"model": "django_apscheduler.djangojobexecution", "pk": 74, "fields": {"job": "my_job", "status": "Max instances!", "run_time": "2022-01-23T20:32:00Z", "duration": "0.44", "finished": "1642969920.44", "exception": "Execution of job 'my_job' skipped: maximum number of running instances reached!", "traceback": null}}, {"model": "django_apscheduler.djangojobexecution", "pk": 75, "fields": {"job": "my_job", "status": "Max instances!", "run_time": "2022-01-23T20:32:10Z", "duration": "0.42", "finished": "1642969930.42", "exception": "Execution of job 'my_job' skipped: maximum number of running instances reached!", "traceback": null}}, {"model": "django_apscheduler.djangojobexecution", "pk": 76, "fields": {"job": "my_job", "status": "Max instances!", "run_time": "2022-01-23T20:32:20Z", "duration": "0.41", "finished": "1642969940.41", "exception": "Execution of job 'my_job' skipped: maximum number of running instances reached!", "traceback": null}}, {"model": "django_apscheduler.djangojobexecution", "pk": 77, "fields": {"job": "my_job", "status": "Max instances!", "run_time": "2022-01-23T20:32:30Z", "duration": "0.39", "finished": "1642969950.39", "exception": "Execution of job 'my_job' skipped: maximum number of running instances reached!", "traceback": null}}, {"model": "django_apscheduler.djangojobexecution", "pk": 78, "fields": {"job": "my_job", "status": "Max instances!", "run_time": "2022-01-23T20:32:40Z", "duration": "0.42", "finished": "1642969960.42", "exception": "Execution of job 'my_job' skipped: maximum number of running instances reached!", "traceback": null}}, {"model": "django_apscheduler.djangojobexecution", "pk": 79, "fields": {"job": "my_job", "status": "Max instances!", "run_time": "2022-01-23T20:32:50Z", "duration": "0.41", "finished": "1642969970.41", "exception": "Execution of job 'my_job' skipped: maximum number of running instances reached!", "traceback": null}}, {"model": "django_apscheduler.djangojobexecution", "pk": 80, "fields": {"job": "my_job", "status": "Max instances!", "run_time": "2022-01-23T20:33:00Z", "duration": "0.38", "finished": "1642969980.38", "exception": "Execution of job 'my_job' skipped: maximum number of running instances reached!", "traceback": null}}, {"model": "django_apscheduler.djangojobexecution", "pk": 81, "fields": {"job": "my_job", "status": "Max instances!", "run_time": "2022-01-23T20:33:10Z", "duration": "0.43", "finished": "1642969990.43", "exception": "Execution of job 'my_job' skipped: maximum number of running instances reached!", "traceback": null}}, {"model": "django_apscheduler.djangojobexecution", "pk": 82, "fields": {"job": "my_job", "status": "Max instances!", "run_time": "2022-01-23T20:33:20Z", "duration": "0.43", "finished": "1642970000.43", "exception": "Execution of job 'my_job' skipped: maximum number of running instances reached!", "traceback": null}}, {"model": "django_apscheduler.djangojobexecution", "pk": 83, "fields": {"job": "my_job", "status": "Max instances!", "run_time": "2022-01-23T20:33:30Z", "duration": "0.42", "finished": "1642970010.42", "exception": "Execution of job 'my_job' skipped: maximum number of running instances reached!", "traceback": null}}, {"model": "django_apscheduler.djangojobexecution", "pk": 84, "fields": {"job": "my_job", "status": "Max instances!", "run_time": "2022-01-23T20:33:40Z", "duration": "0.45", "finished": "1642970020.45", "exception": "Execution of job 'my_job' skipped: maximum number of running instances reached!", "traceback": null}}, {"model": "django_apscheduler.djangojobexecution", "pk": 85, "fields": {"job": "my_job", "status": "Max instances!", "run_time": "2022-01-23T20:33:50Z", "duration": "0.36", "finished": "1642970030.36", "exception": "Execution of job 'my_job' skipped: maximum number of running instances reached!", "traceback": null}}, {"model": "django_apscheduler.djangojobexecution", "pk": 86, "fields": {"job": "my_job", "status": "Max instances!", "run_time": "2022-01-23T20:34:00Z", "duration": "0.43", "finished": "1642970040.43", "exception": "Execution of job 'my_job' skipped: maximum number of running instances reached!", "traceback": null}}, {"model": "django_apscheduler.djangojobexecution", "pk": 87, "fields": {"job": "my_job", "status": "Max instances!", "run_time": "2022-01-23T20:34:10Z", "duration": "0.48", "finished": "1642970050.48", "exception": "Execution of job 'my_job' skipped: maximum number of running instances reached!", "traceback": null}}, {"model": "django_apscheduler.djangojobexecution", "pk": 88, "fields": {"job": "my_job", "status": "Max instances!", "run_time": "2022-01-23T20:34:20Z", "duration": "0.48", "finished": "1642970060.48", "exception": "Execution of job 'my_job' skipped: maximum number of running instances reached!", "traceback": null}}, {"model": "django_apscheduler.djangojobexecution", "pk": 89, "fields": {"job": "my_job", "status": "Max instances!", "run_time": "2022-01-23T20:34:30Z", "duration": "0.44", "finished": "1642970070.44", "exception": "Execution of job 'my_job' skipped: maximum number of running instances reached!", "traceback": null}}, {"model": "django_apscheduler.djangojobexecution", "pk": 90, "fields": {"job": "my_job", "status": "Started execution", "run_time": "2022-01-23T20:41:30Z", "duration": null, "finished": null, "exception": null, "traceback": null}}, {"model": "django_apscheduler.djangojobexecution", "pk": 91, "fields": {"job": "my_job", "status": "Max instances!", "run_time": "2022-01-23T20:41:40Z", "duration": "0.45", "finished": "1642970500.45", "exception": "Execution of job 'my_job' skipped: maximum number of running instances reached!", "traceback": null}}, {"model": "django_apscheduler.djangojobexecution", "pk": 92, "fields": {"job": "my_job", "status": "Max instances!", "run_time": "2022-01-23T20:41:50Z", "duration": "0.38", "finished": "1642970510.38", "exception": "Execution of job 'my_job' skipped: maximum number of running instances reached!", "traceback": null}}, {"model": "django_apscheduler.djangojobexecution", "pk": 93, "fields": {"job": "my_job", "status": "Max instances!", "run_time": "2022-01-23T20:42:00Z", "duration": "0.39", "finished": "1642970520.39", "exception": "Execution of job 'my_job' skipped: maximum number of running instances reached!", "traceback": null}}, {"model": "django_apscheduler.djangojobexecution", "pk": 94, "fields": {"job": "my_job", "status": "Max instances!", "run_time": "2022-01-23T20:42:10Z", "duration": "0.42", "finished": "1642970530.42", "exception": "Execution of job 'my_job' skipped: maximum number of running instances reached!", "traceback": null}}, {"model": "django_apscheduler.djangojobexecution", "pk": 95, "fields": {"job": "my_job", "status": "Max instances!", "run_time": "2022-01-23T20:42:20Z", "duration": "0.42", "finished": "1642970540.42", "exception": "Execution of job 'my_job' skipped: maximum number of running instances reached!", "traceback": null}}, {"model": "django_apscheduler.djangojobexecution", "pk": 96, "fields": {"job": "my_job", "status": "Max instances!", "run_time": "2022-01-23T20:42:30Z", "duration": "0.42", "finished": "1642970550.42", "exception": "Execution of job 'my_job' skipped: maximum number of running instances reached!", "traceback": null}}, {"model": "django_apscheduler.djangojobexecution", "pk": 97, "fields": {"job": "my_job", "status": "Max instances!", "run_time": "2022-01-23T20:42:40Z", "duration": "0.40", "finished": "1642970560.40", "exception": "Execution of job 'my_job' skipped: maximum number of running instances reached!", "traceback": null}}, {"model": "django_apscheduler.djangojobexecution", "pk": 98, "fields": {"job": "my_job", "status": "Max instances!", "run_time": "2022-01-23T20:42:50Z", "duration": "0.41", "finished": "1642970570.41", "exception": "Execution of job 'my_job' skipped: maximum number of running instances reached!", "traceback": null}}, {"model": "django_apscheduler.djangojobexecution", "pk": 99, "fields": {"job": "my_job", "status": "Max instances!", "run_time": "2022-01-23T20:43:00Z", "duration": "0.39", "finished": "1642970580.39", "exception": "Execution of job 'my_job' skipped: maximum number of running instances reached!", "traceback": null}}, {"model": "django_apscheduler.djangojobexecution", "pk": 100, "fields": {"job": "my_job", "status": "Max instances!", "run_time": "2022-01-23T20:43:10Z", "duration": "0.37", "finished": "1642970590.37", "exception": "Execution of job 'my_job' skipped: maximum number of running instances reached!", "traceback": null}}, {"model": "django_apscheduler.djangojobexecution", "pk": 101, "fields": {"job": "my_job", "status": "Max instances!", "run_time": "2022-01-23T20:43:20Z", "duration": "0.41", "finished": "1642970600.41", "exception": "Execution of job 'my_job' skipped: maximum number of running instances reached!", "traceback": null}}, {"model": "django_apscheduler.djangojobexecution", "pk": 102, "fields": {"job": "my_job", "status": "Max instances!", "run_time": "2022-01-23T20:43:30Z", "duration": "0.40", "finished": "1642970610.40", "exception": "Execution of job 'my_job' skipped: maximum number of running instances reached!", "traceback": null}}, {"model": "django_apscheduler.djangojobexecution", "pk": 103, "fields": {"job": "my_job", "status": "Max instances!", "run_time": "2022-01-23T20:43:40Z", "duration": "0.41", "finished": "1642970620.41", "exception": "Execution of job 'my_job' skipped: maximum number of running instances reached!", "traceback": null}}, {"model": "django_apscheduler.djangojobexecution", "pk": 104, "fields": {"job": "my_job", "status": "Max instances!", "run_time": "2022-01-23T20:43:50Z", "duration": "0.43", "finished": "1642970630.43", "exception": "Execution of job 'my_job' skipped: maximum number of running instances reached!", "traceback": null}}, {"model": "django_apscheduler.djangojobexecution", "pk": 105, "fields": {"job": "my_job", "status": "Max instances!", "run_time": "2022-01-23T20:44:00Z", "duration": "0.37", "finished": "1642970640.37", "exception": "Execution of job 'my_job' skipped: maximum number of running instances reached!", "traceback": null}}, {"model": "django_apscheduler.djangojobexecution", "pk": 106, "fields": {"job": "my_job", "status": "Max instances!", "run_time": "2022-01-23T20:44:10Z", "duration": "0.36", "finished": "1642970650.36", "exception": "Execution of job 'my_job' skipped: maximum number of running instances reached!", "traceback": null}}, {"model": "django_apscheduler.djangojobexecution", "pk": 107, "fields": {"job": "my_job", "status": "Executed", "run_time": "2022-01-23T20:44:20Z", "duration": "4.12", "finished": "1642970664.12", "exception": null, "traceback": null}}, {"model": "django_apscheduler.djangojobexecution", "pk": 108, "fields": {"job": "my_job", "status": "Executed", "run_time": "2022-01-23T20:44:30Z", "duration": "4.07", "finished": "1642970674.07", "exception": null, "traceback": null}}, {"model": "django_apscheduler.djangojobexecution", "pk": 109, "fields": {"job": "my_job", "status": "Executed", "run_time": "2022-01-23T20:44:40Z", "duration": "3.34", "finished": "1642970683.34", "exception": null, "traceback": null}}, {"model": "django_apscheduler.djangojobexecution", "pk": 110, "fields": {"job": "my_job", "status": "Executed", "run_time": "2022-01-23T20:44:50Z", "duration": "3.42", "finished": "1642970693.42", "exception": null, "traceback": null}}, {"model": "django_apscheduler.djangojobexecution", "pk": 111, "fields": {"job": "my_job", "status": "Executed", "run_time": "2022-01-23T20:45:00Z", "duration": "2.90", "finished": "1642970702.90", "exception": null, "traceback": null}}, {"model": "django_apscheduler.djangojobexecution", "pk": 112, "fields": {"job": "my_job", "status": "Executed", "run_time": "2022-01-23T20:45:10Z", "duration": "2.89", "finished": "1642970712.89", "exception": null, "traceback": null}}, {"model": "django_apscheduler.djangojobexecution", "pk": 113, "fields": {"job": "my_job", "status": "Executed", "run_time": "2022-01-23T20:45:20Z", "duration": "4.18", "finished": "1642970724.18", "exception": null, "traceback": null}}, {"model": "django_apscheduler.djangojobexecution", "pk": 114, "fields": {"job": "my_job", "status": "Executed", "run_time": "2022-01-23T20:45:30Z", "duration": "3.83", "finished": "1642970733.83", "exception": null, "traceback": null}}, {"model": "django_apscheduler.djangojobexecution", "pk": 115, "fields": {"job": "my_job", "status": "Executed", "run_time": "2022-01-23T20:45:40Z", "duration": "3.09", "finished": "1642970743.09", "exception": null, "traceback": null}}, {"model": "django_apscheduler.djangojobexecution", "pk": 116, "fields": {"job": "my_job", "status": "Executed", "run_time": "2022-01-23T20:45:50Z", "duration": "3.04", "finished": "1642970753.04", "exception": null, "traceback": null}}, {"model": "django_apscheduler.djangojobexecution", "pk": 117, "fields": {"job": "my_job", "status": "Executed", "run_time": "2022-01-23T20:46:00Z", "duration": "2.95", "finished": "1642970762.95", "exception": null, "traceback": null}}, {"model": "django_apscheduler.djangojobexecution", "pk": 118, "fields": {"job": "my_job", "status": "Executed", "run_time": "2022-01-23T20:46:10Z", "duration": "3.05", "finished": "1642970773.05", "exception": null, "traceback": null}}, {"model": "django_apscheduler.djangojobexecution", "pk": 119, "fields": {"job": "my_job", "status": "Executed", "run_time": "2022-01-23T20:46:20Z", "duration": "2.86", "finished": "1642970782.86", "exception": null, "traceback": null}}, {"model": "django_apscheduler.djangojobexecution", "pk": 120, "fields": {"job": "my_job", "status": "Executed", "run_time": "2022-01-23T20:46:30Z", "duration": "3.36", "finished": "1642970793.36", "exception": null, "traceback": null}}, {"model": "django_apscheduler.djangojobexecution", "pk": 121, "fields": {"job": "my_job", "status": "Executed", "run_time": "2022-01-23T20:46:40Z", "duration": "3.24", "finished": "1642970803.24", "exception": null, "traceback": null}}, {"model": "django_apscheduler.djangojobexecution", "pk": 122, "fields": {"job": "my_job", "status": "Executed", "run_time": "2022-01-23T20:46:50Z", "duration": "3.25", "finished": "1642970813.25", "exception": null, "traceback": null}}, {"model": "django_apscheduler.djangojobexecution", "pk": 123, "fields": {"job": "my_job", "status": "Executed", "run_time": "2022-01-23T20:47:00Z", "duration": "3.22", "finished": "1642970823.22", "exception": null, "traceback": null}}, {"model": "django_apscheduler.djangojobexecution", "pk": 124, "fields": {"job": "my_job", "status": "Executed", "run_time": "2022-01-23T20:47:10Z", "duration": "3.09", "finished": "1642970833.09", "exception": null, "traceback": null}}, {"model": "django_apscheduler.djangojobexecution", "pk": 125, "fields": {"job": "my_job", "status": "Executed", "run_time": "2022-01-23T20:47:20Z", "duration": "3.05", "finished": "1642970843.05", "exception": null, "traceback": null}}, {"model": "django_apscheduler.djangojobexecution", "pk": 126, "fields": {"job": "my_job", "status": "Executed", "run_time": "2022-01-23T20:47:30Z", "duration": "3.01", "finished": "1642970853.01", "exception": null, "traceback": null}}, {"model": "django_apscheduler.djangojobexecution", "pk": 127, "fields": {"job": "my_job", "status": "Executed", "run_time": "2022-01-23T20:47:40Z", "duration": "2.99", "finished": "1642970862.99", "exception": null, "traceback": null}}, {"model": "django_apscheduler.djangojobexecution", "pk": 128, "fields": {"job": "my_job", "status": "Executed", "run_time": "2022-01-23T20:47:50Z", "duration": "2.94", "finished": "1642970872.94", "exception": null, "traceback": null}}, {"model": "django_apscheduler.djangojobexecution", "pk": 129, "fields": {"job": "my_job", "status": "Executed", "run_time": "2022-01-23T20:48:00Z", "duration": "3.45", "finished": "1642970883.45", "exception": null, "traceback": null}}, {"model": "django_apscheduler.djangojobexecution", "pk": 130, "fields": {"job": "my_job", "status": "Executed", "run_time": "2022-01-23T20:48:10Z", "duration": "3.15", "finished": "1642970893.15", "exception": null, "traceback": null}}, {"model": "django_apscheduler.djangojobexecution", "pk": 131, "fields": {"job": "my_job", "status": "Executed", "run_time": "2022-01-23T20:48:20Z", "duration": "3.75", "finished": "1642970903.75", "exception": null, "traceback": null}}, {"model": "django_apscheduler.djangojobexecution", "pk": 132, "fields": {"job": "my_job", "status": "Executed", "run_time": "2022-01-23T20:48:30Z", "duration": "2.96", "finished": "1642970912.96", "exception": null, "traceback": null}}, {"model": "django_apscheduler.djangojobexecution", "pk": 133, "fields": {"job": "my_job", "status": "Executed", "run_time": "2022-01-23T20:48:40Z", "duration": "3.06", "finished": "1642970923.06", "exception": null, "traceback": null}}, {"model": "django_apscheduler.djangojobexecution", "pk": 134, "fields": {"job": "my_job", "status": "Error!", "run_time": "2022-01-23T20:48:50Z", "duration": "1.50", "finished": "1642970931.50", "exception": "{'prumpl@mumpl.de': (450, b'4.2.1 The recipient has exceeded message rate limit. Try again later. 1642970930-oXdpsQScBT-moQ4GMno')}", "traceback": "  File \"C:\\Users\\809850\\PycharmProjects\\NewsPaper\\venv\\lib\\site-packages\\apscheduler\\executors\\base.py\", line 125, in run_job\n    retval = job.func(*job.args, **job.kwargs)\n  File \"C:\\Users\\809850\\PycharmProjects\\NewsPaper\\NewsPaper\\news\\management\\commands\\runapscheduler.py\", line 20, in my_job\n    SubscriberNotificationMail()\n  File \"C:\\Users\\809850\\PycharmProjects\\NewsPaper\\NewsPaper\\news\\views.py\", line 46, in SubscriberNotificationMail\n    msg.send()  # отсылаем\n  File \"C:\\Users\\809850\\PycharmProjects\\NewsPaper\\venv\\lib\\site-packages\\django\\core\\mail\\message.py\", line 284, in send\n    return self.get_connection(fail_silently).send_messages([self])\n  File \"C:\\Users\\809850\\PycharmProjects\\NewsPaper\\venv\\lib\\site-packages\\django\\core\\mail\\backends\\smtp.py\", line 109, in send_messages\n    sent = self._send(message)\n  File \"C:\\Users\\809850\\PycharmProjects\\NewsPaper\\venv\\lib\\site-packages\\django\\core\\mail\\backends\\smtp.py\", line 125, in _send\n    self.connection.sendmail(from_email, recipients, message.as_bytes(linesep='\\r\\n'))\n  File \"C:\\Users\\809850\\AppData\\Local\\Programs\\Python\\Python38\\lib\\smtplib.py\", line 885, in sendmail\n    raise SMTPRecipientsRefused(senderrs)\n"}}, {"model": "django_apscheduler.djangojobexecution", "pk": 135, "fields": {"job": "my_job", "status": "Error!", "run_time": "2022-01-23T20:49:00Z", "duration": "1.79", "finished": "1642970941.79", "exception": "{'prumpl@mumpl.de': (450, b'4.2.1 The recipient has exceeded message rate limit. Try again later. 1642970941-U38sWQkhVZ-n1P0IQF7')}", "traceback": "  File \"C:\\Users\\809850\\PycharmProjects\\NewsPaper\\venv\\lib\\site-packages\\apscheduler\\executors\\base.py\", line 125, in run_job\n    retval = job.func(*job.args, **job.kwargs)\n  File \"C:\\Users\\809850\\PycharmProjects\\NewsPaper\\NewsPaper\\news\\management\\commands\\runapscheduler.py\", line 20, in my_job\n    SubscriberNotificationMail()\n  File \"C:\\Users\\809850\\PycharmProjects\\NewsPaper\\NewsPaper\\news\\views.py\", line 46, in SubscriberNotificationMail\n    msg.send()  # отсылаем\n  File \"C:\\Users\\809850\\PycharmProjects\\NewsPaper\\venv\\lib\\site-packages\\django\\core\\mail\\message.py\", line 284, in send\n    return self.get_connection(fail_silently).send_messages([self])\n  File \"C:\\Users\\809850\\PycharmProjects\\NewsPaper\\venv\\lib\\site-packages\\django\\core\\mail\\backends\\smtp.py\", line 109, in send_messages\n    sent = self._send(message)\n  File \"C:\\Users\\809850\\PycharmProjects\\NewsPaper\\venv\\lib\\site-packages\\django\\core\\mail\\backends\\smtp.py\", line 125, in _send\n    self.connection.sendmail(from_email, recipients, message.as_bytes(linesep='\\r\\n'))\n  File \"C:\\Users\\809850\\AppData\\Local\\Programs\\Python\\Python38\\lib\\smtplib.py\", line 885, in sendmail\n    raise SMTPRecipientsRefused(senderrs)\n"}}, {"model": "django_apscheduler.djangojobexecution", "pk": 136, "fields": {"job": "my_job", "status": "Error!", "run_time": "2022-01-23T20:49:10Z", "duration": "1.65", "finished": "1642970951.65", "exception": "{'prumpl@mumpl.de': (450, b'4.2.1 The recipient has exceeded message rate limit. Try again later. 1642970950-3ldJ0hyVYj-nAPuRuHw')}", "traceback": "  File \"C:\\Users\\809850\\PycharmProjects\\NewsPaper\\venv\\lib\\site-packages\\apscheduler\\executors\\base.py\", line 125, in run_job\n    retval = job.func(*job.args, **job.kwargs)\n  File \"C:\\Users\\809850\\PycharmProjects\\NewsPaper\\NewsPaper\\news\\management\\commands\\runapscheduler.py\", line 20, in my_job\n    SubscriberNotificationMail()\n  File \"C:\\Users\\809850\\PycharmProjects\\NewsPaper\\NewsPaper\\news\\views.py\", line 46, in SubscriberNotificationMail\n    msg.send()  # отсылаем\n  File \"C:\\Users\\809850\\PycharmProjects\\NewsPaper\\venv\\lib\\site-packages\\django\\core\\mail\\message.py\", line 284, in send\n    return self.get_connection(fail_silently).send_messages([self])\n  File \"C:\\Users\\809850\\PycharmProjects\\NewsPaper\\venv\\lib\\site-packages\\django\\core\\mail\\backends\\smtp.py\", line 109, in send_messages\n    sent = self._send(message)\n  File \"C:\\Users\\809850\\PycharmProjects\\NewsPaper\\venv\\lib\\site-packages\\django\\core\\mail\\backends\\smtp.py\", line 125, in _send\n    self.connection.sendmail(from_email, recipients, message.as_bytes(linesep='\\r\\n'))\n  File \"C:\\Users\\809850\\AppData\\Local\\Programs\\Python\\Python38\\lib\\smtplib.py\", line 885, in sendmail\n    raise SMTPRecipientsRefused(senderrs)\n"}}, {"model": "django_apscheduler.djangojobexecution", "pk": 137, "fields": {"job": "my_job", "status": "Error!", "run_time": "2022-01-23T20:49:20Z", "duration": "1.71", "finished": "1642970961.71", "exception": "{'prumpl@mumpl.de': (450, b'4.2.1 The recipient has exceeded message rate limit. Try again later. 1642970960-gtOUfZoFqT-nKPebpn7')}", "traceback": "  File \"C:\\Users\\809850\\PycharmProjects\\NewsPaper\\venv\\lib\\site-packages\\apscheduler\\executors\\base.py\", line 125, in run_job\n    retval = job.func(*job.args, **job.kwargs)\n  File \"C:\\Users\\809850\\PycharmProjects\\NewsPaper\\NewsPaper\\news\\management\\commands\\runapscheduler.py\", line 20, in my_job\n    SubscriberNotificationMail()\n  File \"C:\\Users\\809850\\PycharmProjects\\NewsPaper\\NewsPaper\\news\\views.py\", line 46, in SubscriberNotificationMail\n    msg.send()  # отсылаем\n  File \"C:\\Users\\809850\\PycharmProjects\\NewsPaper\\venv\\lib\\site-packages\\django\\core\\mail\\message.py\", line 284, in send\n    return self.get_connection(fail_silently).send_messages([self])\n  File \"C:\\Users\\809850\\PycharmProjects\\NewsPaper\\venv\\lib\\site-packages\\django\\core\\mail\\backends\\smtp.py\", line 109, in send_messages\n    sent = self._send(message)\n  File \"C:\\Users\\809850\\PycharmProjects\\NewsPaper\\venv\\lib\\site-packages\\django\\core\\mail\\backends\\smtp.py\", line 125, in _send\n    self.connection.sendmail(from_email, recipients, message.as_bytes(linesep='\\r\\n'))\n  File \"C:\\Users\\809850\\AppData\\Local\\Programs\\Python\\Python38\\lib\\smtplib.py\", line 885, in sendmail\n    raise SMTPRecipientsRefused(senderrs)\n"}}, {"model": "django_apscheduler.djangojobexecution", "pk": 138, "fields": {"job": "my_job", "status": "Error!", "run_time": "2022-01-23T20:49:30Z", "duration": "1.57", "finished": "1642970971.57", "exception": "{'prumpl@mumpl.de': (450, b'4.2.1 The recipient has exceeded message rate limit. Try again later. 1642970970-sFIM5dpcUy-nUPmxbGr')}", "traceback": "  File \"C:\\Users\\809850\\PycharmProjects\\NewsPaper\\venv\\lib\\site-packages\\apscheduler\\executors\\base.py\", line 125, in run_job\n    retval = job.func(*job.args, **job.kwargs)\n  File \"C:\\Users\\809850\\PycharmProjects\\NewsPaper\\NewsPaper\\news\\management\\commands\\runapscheduler.py\", line 20, in my_job\n    SubscriberNotificationMail()\n  File \"C:\\Users\\809850\\PycharmProjects\\NewsPaper\\NewsPaper\\news\\views.py\", line 46, in SubscriberNotificationMail\n    msg.send()  # отсылаем\n  File \"C:\\Users\\809850\\PycharmProjects\\NewsPaper\\venv\\lib\\site-packages\\django\\core\\mail\\message.py\", line 284, in send\n    return self.get_connection(fail_silently).send_messages([self])\n  File \"C:\\Users\\809850\\PycharmProjects\\NewsPaper\\venv\\lib\\site-packages\\django\\core\\mail\\backends\\smtp.py\", line 109, in send_messages\n    sent = self._send(message)\n  File \"C:\\Users\\809850\\PycharmProjects\\NewsPaper\\venv\\lib\\site-packages\\django\\core\\mail\\backends\\smtp.py\", line 125, in _send\n    self.connection.sendmail(from_email, recipients, message.as_bytes(linesep='\\r\\n'))\n  File \"C:\\Users\\809850\\AppData\\Local\\Programs\\Python\\Python38\\lib\\smtplib.py\", line 885, in sendmail\n    raise SMTPRecipientsRefused(senderrs)\n"}}, {"model": "django_apscheduler.djangojobexecution", "pk": 139, "fields": {"job": "my_job", "status": "Error!", "run_time": "2022-01-23T20:49:40Z", "duration": "1.75", "finished": "1642970981.75", "exception": "{'prumpl@mumpl.de': (450, b'4.2.1 The recipient has exceeded message rate limit. Try again later. 1642970981-JQ3O431wZq-nfPO5OVt')}", "traceback": "  File \"C:\\Users\\809850\\PycharmProjects\\NewsPaper\\venv\\lib\\site-packages\\apscheduler\\executors\\base.py\", line 125, in run_job\n    retval = job.func(*job.args, **job.kwargs)\n  File \"C:\\Users\\809850\\PycharmProjects\\NewsPaper\\NewsPaper\\news\\management\\commands\\runapscheduler.py\", line 20, in my_job\n    SubscriberNotificationMail()\n  File \"C:\\Users\\809850\\PycharmProjects\\NewsPaper\\NewsPaper\\news\\views.py\", line 46, in SubscriberNotificationMail\n    msg.send()  # отсылаем\n  File \"C:\\Users\\809850\\PycharmProjects\\NewsPaper\\venv\\lib\\site-packages\\django\\core\\mail\\message.py\", line 284, in send\n    return self.get_connection(fail_silently).send_messages([self])\n  File \"C:\\Users\\809850\\PycharmProjects\\NewsPaper\\venv\\lib\\site-packages\\django\\core\\mail\\backends\\smtp.py\", line 109, in send_messages\n    sent = self._send(message)\n  File \"C:\\Users\\809850\\PycharmProjects\\NewsPaper\\venv\\lib\\site-packages\\django\\core\\mail\\backends\\smtp.py\", line 125, in _send\n    self.connection.sendmail(from_email, recipients, message.as_bytes(linesep='\\r\\n'))\n  File \"C:\\Users\\809850\\AppData\\Local\\Programs\\Python\\Python38\\lib\\smtplib.py\", line 885, in sendmail\n    raise SMTPRecipientsRefused(senderrs)\n"}}, {"model": "django_apscheduler.djangojobexecution", "pk": 140, "fields": {"job": "my_job", "status": "Error!", "run_time": "2022-01-23T20:49:50Z", "duration": "1.55", "finished": "1642970991.55", "exception": "{'prumpl@mumpl.de': (450, b'4.2.1 The recipient has exceeded message rate limit. Try again later. 1642970990-XQ7IcK738f-noPS9PUq')}", "traceback": "  File \"C:\\Users\\809850\\PycharmProjects\\NewsPaper\\venv\\lib\\site-packages\\apscheduler\\executors\\base.py\", line 125, in run_job\n    retval = job.func(*job.args, **job.kwargs)\n  File \"C:\\Users\\809850\\PycharmProjects\\NewsPaper\\NewsPaper\\news\\management\\commands\\runapscheduler.py\", line 20, in my_job\n    SubscriberNotificationMail()\n  File \"C:\\Users\\809850\\PycharmProjects\\NewsPaper\\NewsPaper\\news\\views.py\", line 46, in SubscriberNotificationMail\n    msg.send()  # отсылаем\n  File \"C:\\Users\\809850\\PycharmProjects\\NewsPaper\\venv\\lib\\site-packages\\django\\core\\mail\\message.py\", line 284, in send\n    return self.get_connection(fail_silently).send_messages([self])\n  File \"C:\\Users\\809850\\PycharmProjects\\NewsPaper\\venv\\lib\\site-packages\\django\\core\\mail\\backends\\smtp.py\", line 109, in send_messages\n    sent = self._send(message)\n  File \"C:\\Users\\809850\\PycharmProjects\\NewsPaper\\venv\\lib\\site-packages\\django\\core\\mail\\backends\\smtp.py\", line 125, in _send\n    self.connection.sendmail(from_email, recipients, message.as_bytes(linesep='\\r\\n'))\n  File \"C:\\Users\\809850\\AppData\\Local\\Programs\\Python\\Python38\\lib\\smtplib.py\", line 885, in sendmail\n    raise SMTPRecipientsRefused(senderrs)\n"}}, {"model": "django_apscheduler.djangojobexecution", "pk": 141, "fields": {"job": "my_job", "status": "Error!", "run_time": "2022-01-23T20:50:00Z", "duration": "1.67", "finished": "1642971001.67", "exception": "{'prumpl@mumpl.de': (450, b'4.2.1 The recipient has exceeded message rate limit. Try again later. 1642971000-6AnghnMU8m-o0QOuUxb')}", "traceback": "  File \"C:\\Users\\809850\\PycharmProjects\\NewsPaper\\venv\\lib\\site-packages\\apscheduler\\executors\\base.py\", line 125, in run_job\n    retval = job.func(*job.args, **job.kwargs)\n  File \"C:\\Users\\809850\\PycharmProjects\\NewsPaper\\NewsPaper\\news\\management\\commands\\runapscheduler.py\", line 20, in my_job\n    SubscriberNotificationMail()\n  File \"C:\\Users\\809850\\PycharmProjects\\NewsPaper\\NewsPaper\\news\\views.py\", line 46, in SubscriberNotificationMail\n    msg.send()  # отсылаем\n  File \"C:\\Users\\809850\\PycharmProjects\\NewsPaper\\venv\\lib\\site-packages\\django\\core\\mail\\message.py\", line 284, in send\n    return self.get_connection(fail_silently).send_messages([self])\n  File \"C:\\Users\\809850\\PycharmProjects\\NewsPaper\\venv\\lib\\site-packages\\django\\core\\mail\\backends\\smtp.py\", line 109, in send_messages\n    sent = self._send(message)\n  File \"C:\\Users\\809850\\PycharmProjects\\NewsPaper\\venv\\lib\\site-packages\\django\\core\\mail\\backends\\smtp.py\", line 125, in _send\n    self.connection.sendmail(from_email, recipients, message.as_bytes(linesep='\\r\\n'))\n  File \"C:\\Users\\809850\\AppData\\Local\\Programs\\Python\\Python38\\lib\\smtplib.py\", line 885, in sendmail\n    raise SMTPRecipientsRefused(senderrs)\n"}}, {"model": "django_apscheduler.djangojobexecution", "pk": 142, "fields": {"job": "my_job", "status": "Error!", "run_time": "2022-01-23T20:50:10Z", "duration": "1.32", "finished": "1642971011.32", "exception": "{'prumpl@mumpl.de': (450, b'4.2.1 The recipient has exceeded message rate limit. Try again later. 1642971010-htt4HZwl7Z-oAPSdHhq')}", "traceback": "  File \"C:\\Users\\809850\\PycharmProjects\\NewsPaper\\venv\\lib\\site-packages\\apscheduler\\executors\\base.py\", line 125, in run_job\n    retval = job.func(*job.args, **job.kwargs)\n  File \"C:\\Users\\809850\\PycharmProjects\\NewsPaper\\NewsPaper\\news\\management\\commands\\runapscheduler.py\", line 20, in my_job\n    SubscriberNotificationMail()\n  File \"C:\\Users\\809850\\PycharmProjects\\NewsPaper\\NewsPaper\\news\\views.py\", line 46, in SubscriberNotificationMail\n    msg.send()  # отсылаем\n  File \"C:\\Users\\809850\\PycharmProjects\\NewsPaper\\venv\\lib\\site-packages\\django\\core\\mail\\message.py\", line 284, in send\n    return self.get_connection(fail_silently).send_messages([self])\n  File \"C:\\Users\\809850\\PycharmProjects\\NewsPaper\\venv\\lib\\site-packages\\django\\core\\mail\\backends\\smtp.py\", line 109, in send_messages\n    sent = self._send(message)\n  File \"C:\\Users\\809850\\PycharmProjects\\NewsPaper\\venv\\lib\\site-packages\\django\\core\\mail\\backends\\smtp.py\", line 125, in _send\n    self.connection.sendmail(from_email, recipients, message.as_bytes(linesep='\\r\\n'))\n  File \"C:\\Users\\809850\\AppData\\Local\\Programs\\Python\\Python38\\lib\\smtplib.py\", line 885, in sendmail\n    raise SMTPRecipientsRefused(senderrs)\n"}}, {"model": "django_apscheduler.djangojobexecution", "pk": 143, "fields": {"job": "my_job", "status": "Error!", "run_time": "2022-01-23T20:50:20Z", "duration": "1.33", "finished": "1642971021.33", "exception": "{'prumpl@mumpl.de': (450, b'4.2.1 The recipient has exceeded message rate limit. Try again later. 1642971020-92dPc4rIfU-oKQ0v8EO')}", "traceback": "  File \"C:\\Users\\809850\\PycharmProjects\\NewsPaper\\venv\\lib\\site-packages\\apscheduler\\executors\\base.py\", line 125, in run_job\n    retval = job.func(*job.args, **job.kwargs)\n  File \"C:\\Users\\809850\\PycharmProjects\\NewsPaper\\NewsPaper\\news\\management\\commands\\runapscheduler.py\", line 20, in my_job\n    SubscriberNotificationMail()\n  File \"C:\\Users\\809850\\PycharmProjects\\NewsPaper\\NewsPaper\\news\\views.py\", line 46, in SubscriberNotificationMail\n    msg.send()  # отсылаем\n  File \"C:\\Users\\809850\\PycharmProjects\\NewsPaper\\venv\\lib\\site-packages\\django\\core\\mail\\message.py\", line 284, in send\n    return self.get_connection(fail_silently).send_messages([self])\n  File \"C:\\Users\\809850\\PycharmProjects\\NewsPaper\\venv\\lib\\site-packages\\django\\core\\mail\\backends\\smtp.py\", line 109, in send_messages\n    sent = self._send(message)\n  File \"C:\\Users\\809850\\PycharmProjects\\NewsPaper\\venv\\lib\\site-packages\\django\\core\\mail\\backends\\smtp.py\", line 125, in _send\n    self.connection.sendmail(from_email, recipients, message.as_bytes(linesep='\\r\\n'))\n  File \"C:\\Users\\809850\\AppData\\Local\\Programs\\Python\\Python38\\lib\\smtplib.py\", line 885, in sendmail\n    raise SMTPRecipientsRefused(senderrs)\n"}}, {"model": "django_apscheduler.djangojobexecution", "pk": 144, "fields": {"job": "my_job", "status": "Error!", "run_time": "2022-01-23T20:50:30Z", "duration": "1.33", "finished": "1642971031.33", "exception": "{'prumpl@mumpl.de': (450, b'4.2.1 The recipient has exceeded message rate limit. Try again later. 1642971030-eMr0TXxJbt-oUQ4Bqqs')}", "traceback": "  File \"C:\\Users\\809850\\PycharmProjects\\NewsPaper\\venv\\lib\\site-packages\\apscheduler\\executors\\base.py\", line 125, in run_job\n    retval = job.func(*job.args, **job.kwargs)\n  File \"C:\\Users\\809850\\PycharmProjects\\NewsPaper\\NewsPaper\\news\\management\\commands\\runapscheduler.py\", line 20, in my_job\n    SubscriberNotificationMail()\n  File \"C:\\Users\\809850\\PycharmProjects\\NewsPaper\\NewsPaper\\news\\views.py\", line 46, in SubscriberNotificationMail\n    msg.send()  # отсылаем\n  File \"C:\\Users\\809850\\PycharmProjects\\NewsPaper\\venv\\lib\\site-packages\\django\\core\\mail\\message.py\", line 284, in send\n    return self.get_connection(fail_silently).send_messages([self])\n  File \"C:\\Users\\809850\\PycharmProjects\\NewsPaper\\venv\\lib\\site-packages\\django\\core\\mail\\backends\\smtp.py\", line 109, in send_messages\n    sent = self._send(message)\n  File \"C:\\Users\\809850\\PycharmProjects\\NewsPaper\\venv\\lib\\site-packages\\django\\core\\mail\\backends\\smtp.py\", line 125, in _send\n    self.connection.sendmail(from_email, recipients, message.as_bytes(linesep='\\r\\n'))\n  File \"C:\\Users\\809850\\AppData\\Local\\Programs\\Python\\Python38\\lib\\smtplib.py\", line 885, in sendmail\n    raise SMTPRecipientsRefused(senderrs)\n"}}, {"model": "django_apscheduler.djangojobexecution", "pk": 145, "fields": {"job": "my_job", "status": "Error!", "run_time": "2022-01-23T20:50:40Z", "duration": "1.69", "finished": "1642971041.69", "exception": "{'prumpl@mumpl.de': (450, b'4.2.1 The recipient has exceeded message rate limit. Try again later. 1642971041-1gklhtFzMQ-oePKwL42')}", "traceback": "  File \"C:\\Users\\809850\\PycharmProjects\\NewsPaper\\venv\\lib\\site-packages\\apscheduler\\executors\\base.py\", line 125, in run_job\n    retval = job.func(*job.args, **job.kwargs)\n  File \"C:\\Users\\809850\\PycharmProjects\\NewsPaper\\NewsPaper\\news\\management\\commands\\runapscheduler.py\", line 20, in my_job\n    SubscriberNotificationMail()\n  File \"C:\\Users\\809850\\PycharmProjects\\NewsPaper\\NewsPaper\\news\\views.py\", line 46, in SubscriberNotificationMail\n    msg.send()  # отсылаем\n  File \"C:\\Users\\809850\\PycharmProjects\\NewsPaper\\venv\\lib\\site-packages\\django\\core\\mail\\message.py\", line 284, in send\n    return self.get_connection(fail_silently).send_messages([self])\n  File \"C:\\Users\\809850\\PycharmProjects\\NewsPaper\\venv\\lib\\site-packages\\django\\core\\mail\\backends\\smtp.py\", line 109, in send_messages\n    sent = self._send(message)\n  File \"C:\\Users\\809850\\PycharmProjects\\NewsPaper\\venv\\lib\\site-packages\\django\\core\\mail\\backends\\smtp.py\", line 125, in _send\n    self.connection.sendmail(from_email, recipients, message.as_bytes(linesep='\\r\\n'))\n  File \"C:\\Users\\809850\\AppData\\Local\\Programs\\Python\\Python38\\lib\\smtplib.py\", line 885, in sendmail\n    raise SMTPRecipientsRefused(senderrs)\n"}}, {"model": "django_apscheduler.djangojobexecution", "pk": 146, "fields": {"job": "my_job", "status": "Error!", "run_time": "2022-01-23T20:50:50Z", "duration": "1.59", "finished": "1642971051.59", "exception": "{'prumpl@mumpl.de': (450, b'4.2.1 The recipient has exceeded message rate limit. Try again later. 1642971050-AbB5XZHNQB-ooPaXQTK')}", "traceback": "  File \"C:\\Users\\809850\\PycharmProjects\\NewsPaper\\venv\\lib\\site-packages\\apscheduler\\executors\\base.py\", line 125, in run_job\n    retval = job.func(*job.args, **job.kwargs)\n  File \"C:\\Users\\809850\\PycharmProjects\\NewsPaper\\NewsPaper\\news\\management\\commands\\runapscheduler.py\", line 20, in my_job\n    SubscriberNotificationMail()\n  File \"C:\\Users\\809850\\PycharmProjects\\NewsPaper\\NewsPaper\\news\\views.py\", line 46, in SubscriberNotificationMail\n    msg.send()  # отсылаем\n  File \"C:\\Users\\809850\\PycharmProjects\\NewsPaper\\venv\\lib\\site-packages\\django\\core\\mail\\message.py\", line 284, in send\n    return self.get_connection(fail_silently).send_messages([self])\n  File \"C:\\Users\\809850\\PycharmProjects\\NewsPaper\\venv\\lib\\site-packages\\django\\core\\mail\\backends\\smtp.py\", line 109, in send_messages\n    sent = self._send(message)\n  File \"C:\\Users\\809850\\PycharmProjects\\NewsPaper\\venv\\lib\\site-packages\\django\\core\\mail\\backends\\smtp.py\", line 125, in _send\n    self.connection.sendmail(from_email, recipients, message.as_bytes(linesep='\\r\\n'))\n  File \"C:\\Users\\809850\\AppData\\Local\\Programs\\Python\\Python38\\lib\\smtplib.py\", line 885, in sendmail\n    raise SMTPRecipientsRefused(senderrs)\n"}}, {"model": "django_apscheduler.djangojobexecution", "pk": 147, "fields": {"job": "my_job", "status": "Error!", "run_time": "2022-01-23T20:51:00Z", "duration": "1.98", "finished": "1642971061.98", "exception": "{'prumpl@mumpl.de': (450, b'4.2.1 The recipient has exceeded message rate limit. Try again later. 1642971061-Gt60RB8wgK-p1QKmhgq')}", "traceback": "  File \"C:\\Users\\809850\\PycharmProjects\\NewsPaper\\venv\\lib\\site-packages\\apscheduler\\executors\\base.py\", line 125, in run_job\n    retval = job.func(*job.args, **job.kwargs)\n  File \"C:\\Users\\809850\\PycharmProjects\\NewsPaper\\NewsPaper\\news\\management\\commands\\runapscheduler.py\", line 20, in my_job\n    SubscriberNotificationMail()\n  File \"C:\\Users\\809850\\PycharmProjects\\NewsPaper\\NewsPaper\\news\\views.py\", line 46, in SubscriberNotificationMail\n    msg.send()  # отсылаем\n  File \"C:\\Users\\809850\\PycharmProjects\\NewsPaper\\venv\\lib\\site-packages\\django\\core\\mail\\message.py\", line 284, in send\n    return self.get_connection(fail_silently).send_messages([self])\n  File \"C:\\Users\\809850\\PycharmProjects\\NewsPaper\\venv\\lib\\site-packages\\django\\core\\mail\\backends\\smtp.py\", line 109, in send_messages\n    sent = self._send(message)\n  File \"C:\\Users\\809850\\PycharmProjects\\NewsPaper\\venv\\lib\\site-packages\\django\\core\\mail\\backends\\smtp.py\", line 125, in _send\n    self.connection.sendmail(from_email, recipients, message.as_bytes(linesep='\\r\\n'))\n  File \"C:\\Users\\809850\\AppData\\Local\\Programs\\Python\\Python38\\lib\\smtplib.py\", line 885, in sendmail\n    raise SMTPRecipientsRefused(senderrs)\n"}}, {"model": "django_apscheduler.djangojobexecution", "pk": 148, "fields": {"job": "my_job", "status": "Error!", "run_time": "2022-01-23T20:51:10Z", "duration": "1.48", "finished": "1642971071.48", "exception": "{'prumpl@mumpl.de': (450, b'4.2.1 The recipient has exceeded message rate limit. Try again later. 1642971070-UZowIhi8d7-pAQKqIHH')}", "traceback": "  File \"C:\\Users\\809850\\PycharmProjects\\NewsPaper\\venv\\lib\\site-packages\\apscheduler\\executors\\base.py\", line 125, in run_job\n    retval = job.func(*job.args, **job.kwargs)\n  File \"C:\\Users\\809850\\PycharmProjects\\NewsPaper\\NewsPaper\\news\\management\\commands\\runapscheduler.py\", line 20, in my_job\n    SubscriberNotificationMail()\n  File \"C:\\Users\\809850\\PycharmProjects\\NewsPaper\\NewsPaper\\news\\views.py\", line 46, in SubscriberNotificationMail\n    msg.send()  # отсылаем\n  File \"C:\\Users\\809850\\PycharmProjects\\NewsPaper\\venv\\lib\\site-packages\\django\\core\\mail\\message.py\", line 284, in send\n    return self.get_connection(fail_silently).send_messages([self])\n  File \"C:\\Users\\809850\\PycharmProjects\\NewsPaper\\venv\\lib\\site-packages\\django\\core\\mail\\backends\\smtp.py\", line 109, in send_messages\n    sent = self._send(message)\n  File \"C:\\Users\\809850\\PycharmProjects\\NewsPaper\\venv\\lib\\site-packages\\django\\core\\mail\\backends\\smtp.py\", line 125, in _send\n    self.connection.sendmail(from_email, recipients, message.as_bytes(linesep='\\r\\n'))\n  File \"C:\\Users\\809850\\AppData\\Local\\Programs\\Python\\Python38\\lib\\smtplib.py\", line 885, in sendmail\n    raise SMTPRecipientsRefused(senderrs)\n"}}, {"model": "django_apscheduler.djangojobexecution", "pk": 149, "fields": {"job": "my_job", "status": "Error!", "run_time": "2022-01-23T20:51:20Z", "duration": "1.46", "finished": "1642971081.46", "exception": "{'prumpl@mumpl.de': (450, b'4.2.1 The recipient has exceeded message rate limit. Try again later. 1642971080-L9X3LtMt4W-pKPOFmoM')}", "traceback": "  File \"C:\\Users\\809850\\PycharmProjects\\NewsPaper\\venv\\lib\\site-packages\\apscheduler\\executors\\base.py\", line 125, in run_job\n    retval = job.func(*job.args, **job.kwargs)\n  File \"C:\\Users\\809850\\PycharmProjects\\NewsPaper\\NewsPaper\\news\\management\\commands\\runapscheduler.py\", line 20, in my_job\n    SubscriberNotificationMail()\n  File \"C:\\Users\\809850\\PycharmProjects\\NewsPaper\\NewsPaper\\news\\views.py\", line 46, in SubscriberNotificationMail\n    msg.send()  # отсылаем\n  File \"C:\\Users\\809850\\PycharmProjects\\NewsPaper\\venv\\lib\\site-packages\\django\\core\\mail\\message.py\", line 284, in send\n    return self.get_connection(fail_silently).send_messages([self])\n  File \"C:\\Users\\809850\\PycharmProjects\\NewsPaper\\venv\\lib\\site-packages\\django\\core\\mail\\backends\\smtp.py\", line 109, in send_messages\n    sent = self._send(message)\n  File \"C:\\Users\\809850\\PycharmProjects\\NewsPaper\\venv\\lib\\site-packages\\django\\core\\mail\\backends\\smtp.py\", line 125, in _send\n    self.connection.sendmail(from_email, recipients, message.as_bytes(linesep='\\r\\n'))\n  File \"C:\\Users\\809850\\AppData\\Local\\Programs\\Python\\Python38\\lib\\smtplib.py\", line 885, in sendmail\n    raise SMTPRecipientsRefused(senderrs)\n"}}, {"model": "django_apscheduler.djangojobexecution", "pk": 150, "fields": {"job": "my_job", "status": "Missed!", "run_time": "2022-01-24T20:11:00Z", "duration": "8.80", "finished": "1643055068.80", "exception": "Run time of job 'my_job' was missed!", "traceback": null}}, {"model": "django_apscheduler.djangojobexecution", "pk": 151, "fields": {"job": "my_job", "status": "Missed!", "run_time": "2022-01-24T20:11:10Z", "duration": "2.34", "finished": "1643055072.34", "exception": "Run time of job 'my_job' was missed!", "traceback": null}}, {"model": "django_apscheduler.djangojobexecution", "pk": 152, "fields": {"job": "d55a1bb3cdea4a44818038b01c7e8a5b", "status": "Missed!", "run_time": "2022-01-24T20:11:10Z", "duration": "2.66", "finished": "1643055072.66", "exception": "Run time of job 'd55a1bb3cdea4a44818038b01c7e8a5b' was missed!", "traceback": null}}, {"model": "django_apscheduler.djangojobexecution", "pk": 153, "fields": {"job": "my_job", "status": "Executed", "run_time": "2022-01-24T20:11:20Z", "duration": "346.73", "finished": "1643055426.73", "exception": null, "traceback": null}}, {"model": "django_apscheduler.djangojobexecution", "pk": 154, "fields": {"job": "d55a1bb3cdea4a44818038b01c7e8a5b", "status": "Executed", "run_time": "2022-01-24T20:11:20Z", "duration": "346.58", "finished": "1643055426.58", "exception": null, "traceback": null}}, {"model": "django_apscheduler.djangojobexecution", "pk": 155, "fields": {"job": "my_job", "status": "Max instances!", "run_time": "2022-01-24T20:11:30Z", "duration": "0.82", "finished": "1643055090.82", "exception": "Execution of job 'my_job' skipped: maximum number of running instances reached!", "traceback": null}}, {"model": "django_apscheduler.djangojobexecution", "pk": 156, "fields": {"job": "d55a1bb3cdea4a44818038b01c7e8a5b", "status": "Max instances!", "run_time": "2022-01-24T20:11:30Z", "duration": "0.93", "finished": "1643055090.93", "exception": "Execution of job 'd55a1bb3cdea4a44818038b01c7e8a5b' skipped: maximum number of running instances reached!", "traceback": null}}, {"model": "django_apscheduler.djangojobexecution", "pk": 157, "fields": {"job": "my_job", "status": "Max instances!", "run_time": "2022-01-24T20:11:40Z", "duration": "0.64", "finished": "1643055100.64", "exception": "Execution of job 'my_job' skipped: maximum number of running instances reached!", "traceback": null}}, {"model": "django_apscheduler.djangojobexecution", "pk": 158, "fields": {"job": "d55a1bb3cdea4a44818038b01c7e8a5b", "status": "Max instances!", "run_time": "2022-01-24T20:11:40Z", "duration": "0.79", "finished": "1643055100.79", "exception": "Execution of job 'd55a1bb3cdea4a44818038b01c7e8a5b' skipped: maximum number of running instances reached!", "traceback": null}}, {"model": "django_apscheduler.djangojobexecution", "pk": 159, "fields": {"job": "my_job", "status": "Max instances!", "run_time": "2022-01-24T20:11:50Z", "duration": "0.73", "finished": "1643055110.73", "exception": "Execution of job 'my_job' skipped: maximum number of running instances reached!", "traceback": null}}, {"model": "django_apscheduler.djangojobexecution", "pk": 160, "fields": {"job": "d55a1bb3cdea4a44818038b01c7e8a5b", "status": "Max instances!", "run_time": "2022-01-24T20:11:50Z", "duration": "0.83", "finished": "1643055110.83", "exception": "Execution of job 'd55a1bb3cdea4a44818038b01c7e8a5b' skipped: maximum number of running instances reached!", "traceback": null}}, {"model": "django_apscheduler.djangojobexecution", "pk": 161, "fields": {"job": "my_job", "status": "Max instances!", "run_time": "2022-01-24T20:12:00Z", "duration": "0.61", "finished": "1643055120.61", "exception": "Execution of job 'my_job' skipped: maximum number of running instances reached!", "traceback": null}}, {"model": "django_apscheduler.djangojobexecution", "pk": 162, "fields": {"job": "d55a1bb3cdea4a44818038b01c7e8a5b", "status": "Max instances!", "run_time": "2022-01-24T20:12:00Z", "duration": "0.72", "finished": "1643055120.72", "exception": "Execution of job 'd55a1bb3cdea4a44818038b01c7e8a5b' skipped: maximum number of running instances reached!", "traceback": null}}, {"model": "django_apscheduler.djangojobexecution", "pk": 163, "fields": {"job": "my_job", "status": "Max instances!", "run_time": "2022-01-24T20:12:10Z", "duration": "0.67", "finished": "1643055130.67", "exception": "Execution of job 'my_job' skipped: maximum number of running instances reached!", "traceback": null}}, {"model": "django_apscheduler.djangojobexecution", "pk": 164, "fields": {"job": "d55a1bb3cdea4a44818038b01c7e8a5b", "status": "Max instances!", "run_time": "2022-01-24T20:12:10Z", "duration": "0.80", "finished": "1643055130.80", "exception": "Execution of job 'd55a1bb3cdea4a44818038b01c7e8a5b' skipped: maximum number of running instances reached!", "traceback": null}}, {"model": "django_apscheduler.djangojobexecution", "pk": 165, "fields": {"job": "my_job", "status": "Max instances!", "run_time": "2022-01-24T20:12:20Z", "duration": "0.74", "finished": "1643055140.74", "exception": "Execution of job 'my_job' skipped: maximum number of running instances reached!", "traceback": null}}, {"model": "django_apscheduler.djangojobexecution", "pk": 166, "fields": {"job": "d55a1bb3cdea4a44818038b01c7e8a5b", "status": "Max instances!", "run_time": "2022-01-24T20:12:20Z", "duration": "0.86", "finished": "1643055140.86", "exception": "Execution of job 'd55a1bb3cdea4a44818038b01c7e8a5b' skipped: maximum number of running instances reached!", "traceback": null}}, {"model": "django_apscheduler.djangojobexecution", "pk": 167, "fields": {"job": "my_job", "status": "Max instances!", "run_time": "2022-01-24T20:12:30Z", "duration": "0.68", "finished": "1643055150.68", "exception": "Execution of job 'my_job' skipped: maximum number of running instances reached!", "traceback": null}}, {"model": "django_apscheduler.djangojobexecution", "pk": 168, "fields": {"job": "d55a1bb3cdea4a44818038b01c7e8a5b", "status": "Max instances!", "run_time": "2022-01-24T20:12:30Z", "duration": "0.79", "finished": "1643055150.79", "exception": "Execution of job 'd55a1bb3cdea4a44818038b01c7e8a5b' skipped: maximum number of running instances reached!", "traceback": null}}, {"model": "django_apscheduler.djangojobexecution", "pk": 169, "fields": {"job": "my_job", "status": "Max instances!", "run_time": "2022-01-24T20:12:40Z", "duration": "0.64", "finished": "1643055160.64", "exception": "Execution of job 'my_job' skipped: maximum number of running instances reached!", "traceback": null}}, {"model": "django_apscheduler.djangojobexecution", "pk": 170, "fields": {"job": "d55a1bb3cdea4a44818038b01c7e8a5b", "status": "Max instances!", "run_time": "2022-01-24T20:12:40Z", "duration": "0.78", "finished": "1643055160.78", "exception": "Execution of job 'd55a1bb3cdea4a44818038b01c7e8a5b' skipped: maximum number of running instances reached!", "traceback": null}}, {"model": "django_apscheduler.djangojobexecution", "pk": 171, "fields": {"job": "my_job", "status": "Max instances!", "run_time": "2022-01-24T20:12:50Z", "duration": "0.75", "finished": "1643055170.75", "exception": "Execution of job 'my_job' skipped: maximum number of running instances reached!", "traceback": null}}, {"model": "django_apscheduler.djangojobexecution", "pk": 172, "fields": {"job": "d55a1bb3cdea4a44818038b01c7e8a5b", "status": "Max instances!", "run_time": "2022-01-24T20:12:50Z", "duration": "0.87", "finished": "1643055170.87", "exception": "Execution of job 'd55a1bb3cdea4a44818038b01c7e8a5b' skipped: maximum number of running instances reached!", "traceback": null}}, {"model": "django_apscheduler.djangojobexecution", "pk": 173, "fields": {"job": "my_job", "status": "Max instances!", "run_time": "2022-01-24T20:13:00Z", "duration": "0.66", "finished": "1643055180.66", "exception": "Execution of job 'my_job' skipped: maximum number of running instances reached!", "traceback": null}}, {"model": "django_apscheduler.djangojobexecution", "pk": 174, "fields": {"job": "d55a1bb3cdea4a44818038b01c7e8a5b", "status": "Max instances!", "run_time": "2022-01-24T20:13:00Z", "duration": "0.77", "finished": "1643055180.77", "exception": "Execution of job 'd55a1bb3cdea4a44818038b01c7e8a5b' skipped: maximum number of running instances reached!", "traceback": null}}, {"model": "django_apscheduler.djangojobexecution", "pk": 175, "fields": {"job": "my_job", "status": "Max instances!", "run_time": "2022-01-24T20:13:10Z", "duration": "0.60", "finished": "1643055190.60", "exception": "Execution of job 'my_job' skipped: maximum number of running instances reached!", "traceback": null}}, {"model": "django_apscheduler.djangojobexecution", "pk": 176, "fields": {"job": "d55a1bb3cdea4a44818038b01c7e8a5b", "status": "Max instances!", "run_time": "2022-01-24T20:13:10Z", "duration": "0.71", "finished": "1643055190.71", "exception": "Execution of job 'd55a1bb3cdea4a44818038b01c7e8a5b' skipped: maximum number of running instances reached!", "traceback": null}}, {"model": "django_apscheduler.djangojobexecution", "pk": 177, "fields": {"job": "my_job", "status": "Max instances!", "run_time": "2022-01-24T20:13:20Z", "duration": "0.62", "finished": "1643055200.62", "exception": "Execution of job 'my_job' skipped: maximum number of running instances reached!", "traceback": null}}, {"model": "django_apscheduler.djangojobexecution", "pk": 178, "fields": {"job": "d55a1bb3cdea4a44818038b01c7e8a5b", "status": "Max instances!", "run_time": "2022-01-24T20:13:20Z", "duration": "0.71", "finished": "1643055200.71", "exception": "Execution of job 'd55a1bb3cdea4a44818038b01c7e8a5b' skipped: maximum number of running instances reached!", "traceback": null}}, {"model": "django_apscheduler.djangojobexecution", "pk": 179, "fields": {"job": "my_job", "status": "Max instances!", "run_time": "2022-01-24T20:13:30Z", "duration": "0.60", "finished": "1643055210.60", "exception": "Execution of job 'my_job' skipped: maximum number of running instances reached!", "traceback": null}}, {"model": "django_apscheduler.djangojobexecution", "pk": 180, "fields": {"job": "d55a1bb3cdea4a44818038b01c7e8a5b", "status": "Max instances!", "run_time": "2022-01-24T20:13:30Z", "duration": "0.70", "finished": "1643055210.70", "exception": "Execution of job 'd55a1bb3cdea4a44818038b01c7e8a5b' skipped: maximum number of running instances reached!", "traceback": null}}, {"model": "django_apscheduler.djangojobexecution", "pk": 181, "fields": {"job": "my_job", "status": "Max instances!", "run_time": "2022-01-24T20:13:40Z", "duration": "0.70", "finished": "1643055220.70", "exception": "Execution of job 'my_job' skipped: maximum number of running instances reached!", "traceback": null}}, {"model": "django_apscheduler.djangojobexecution", "pk": 182, "fields": {"job": "d55a1bb3cdea4a44818038b01c7e8a5b", "status": "Max instances!", "run_time": "2022-01-24T20:13:40Z", "duration": "0.81", "finished": "1643055220.81", "exception": "Execution of job 'd55a1bb3cdea4a44818038b01c7e8a5b' skipped: maximum number of running instances reached!", "traceback": null}}, {"model": "django_apscheduler.djangojobexecution", "pk": 183, "fields": {"job": "my_job", "status": "Max instances!", "run_time": "2022-01-24T20:13:50Z", "duration": "0.79", "finished": "1643055230.79", "exception": "Execution of job 'my_job' skipped: maximum number of running instances reached!", "traceback": null}}, {"model": "django_apscheduler.djangojobexecution", "pk": 184, "fields": {"job": "d55a1bb3cdea4a44818038b01c7e8a5b", "status": "Max instances!", "run_time": "2022-01-24T20:13:50Z", "duration": "0.94", "finished": "1643055230.94", "exception": "Execution of job 'd55a1bb3cdea4a44818038b01c7e8a5b' skipped: maximum number of running instances reached!", "traceback": null}}, {"model": "django_apscheduler.djangojobexecution", "pk": 185, "fields": {"job": "my_job", "status": "Max instances!", "run_time": "2022-01-24T20:14:00Z", "duration": "0.67", "finished": "1643055240.67", "exception": "Execution of job 'my_job' skipped: maximum number of running instances reached!", "traceback": null}}, {"model": "django_apscheduler.djangojobexecution", "pk": 186, "fields": {"job": "d55a1bb3cdea4a44818038b01c7e8a5b", "status": "Max instances!", "run_time": "2022-01-24T20:14:00Z", "duration": "0.78", "finished": "1643055240.78", "exception": "Execution of job 'd55a1bb3cdea4a44818038b01c7e8a5b' skipped: maximum number of running instances reached!", "traceback": null}}, {"model": "django_apscheduler.djangojobexecution", "pk": 187, "fields": {"job": "my_job", "status": "Max instances!", "run_time": "2022-01-24T20:14:10Z", "duration": "0.66", "finished": "1643055250.66", "exception": "Execution of job 'my_job' skipped: maximum number of running instances reached!", "traceback": null}}, {"model": "django_apscheduler.djangojobexecution", "pk": 188, "fields": {"job": "d55a1bb3cdea4a44818038b01c7e8a5b", "status": "Max instances!", "run_time": "2022-01-24T20:14:10Z", "duration": "0.79", "finished": "1643055250.79", "exception": "Execution of job 'd55a1bb3cdea4a44818038b01c7e8a5b' skipped: maximum number of running instances reached!", "traceback": null}}, {"model": "django_apscheduler.djangojobexecution", "pk": 189, "fields": {"job": "my_job", "status": "Max instances!", "run_time": "2022-01-24T20:14:20Z", "duration": "0.78", "finished": "1643055260.78", "exception": "Execution of job 'my_job' skipped: maximum number of running instances reached!", "traceback": null}}, {"model": "django_apscheduler.djangojobexecution", "pk": 190, "fields": {"job": "d55a1bb3cdea4a44818038b01c7e8a5b", "status": "Max instances!", "run_time": "2022-01-24T20:14:20Z", "duration": "0.88", "finished": "1643055260.88", "exception": "Execution of job 'd55a1bb3cdea4a44818038b01c7e8a5b' skipped: maximum number of running instances reached!", "traceback": null}}, {"model": "django_apscheduler.djangojobexecution", "pk": 191, "fields": {"job": "my_job", "status": "Max instances!", "run_time": "2022-01-24T20:14:30Z", "duration": "0.77", "finished": "1643055270.77", "exception": "Execution of job 'my_job' skipped: maximum number of running instances reached!", "traceback": null}}, {"model": "django_apscheduler.djangojobexecution", "pk": 192, "fields": {"job": "d55a1bb3cdea4a44818038b01c7e8a5b", "status": "Max instances!", "run_time": "2022-01-24T20:14:30Z", "duration": "0.87", "finished": "1643055270.87", "exception": "Execution of job 'd55a1bb3cdea4a44818038b01c7e8a5b' skipped: maximum number of running instances reached!", "traceback": null}}, {"model": "django_apscheduler.djangojobexecution", "pk": 193, "fields": {"job": "my_job", "status": "Max instances!", "run_time": "2022-01-24T20:14:40Z", "duration": "0.78", "finished": "1643055280.78", "exception": "Execution of job 'my_job' skipped: maximum number of running instances reached!", "traceback": null}}, {"model": "django_apscheduler.djangojobexecution", "pk": 194, "fields": {"job": "d55a1bb3cdea4a44818038b01c7e8a5b", "status": "Max instances!", "run_time": "2022-01-24T20:14:40Z", "duration": "0.89", "finished": "1643055280.89", "exception": "Execution of job 'd55a1bb3cdea4a44818038b01c7e8a5b' skipped: maximum number of running instances reached!", "traceback": null}}, {"model": "django_apscheduler.djangojobexecution", "pk": 195, "fields": {"job": "my_job", "status": "Max instances!", "run_time": "2022-01-24T20:14:50Z", "duration": "0.73", "finished": "1643055290.73", "exception": "Execution of job 'my_job' skipped: maximum number of running instances reached!", "traceback": null}}, {"model": "django_apscheduler.djangojobexecution", "pk": 196, "fields": {"job": "d55a1bb3cdea4a44818038b01c7e8a5b", "status": "Max instances!", "run_time": "2022-01-24T20:14:50Z", "duration": "0.84", "finished": "1643055290.84", "exception": "Execution of job 'd55a1bb3cdea4a44818038b01c7e8a5b' skipped: maximum number of running instances reached!", "traceback": null}}, {"model": "django_apscheduler.djangojobexecution", "pk": 197, "fields": {"job": "my_job", "status": "Max instances!", "run_time": "2022-01-24T20:15:00Z", "duration": "0.65", "finished": "1643055300.65", "exception": "Execution of job 'my_job' skipped: maximum number of running instances reached!", "traceback": null}}, {"model": "django_apscheduler.djangojobexecution", "pk": 198, "fields": {"job": "d55a1bb3cdea4a44818038b01c7e8a5b", "status": "Max instances!", "run_time": "2022-01-24T20:15:00Z", "duration": "0.76", "finished": "1643055300.76", "exception": "Execution of job 'd55a1bb3cdea4a44818038b01c7e8a5b' skipped: maximum number of running instances reached!", "traceback": null}}, {"model": "django_apscheduler.djangojobexecution", "pk": 199, "fields": {"job": "my_job", "status": "Max instances!", "run_time": "2022-01-24T20:15:10Z", "duration": "0.65", "finished": "1643055310.65", "exception": "Execution of job 'my_job' skipped: maximum number of running instances reached!", "traceback": null}}, {"model": "django_apscheduler.djangojobexecution", "pk": 200, "fields": {"job": "d55a1bb3cdea4a44818038b01c7e8a5b", "status": "Max instances!", "run_time": "2022-01-24T20:15:10Z", "duration": "0.77", "finished": "1643055310.77", "exception": "Execution of job 'd55a1bb3cdea4a44818038b01c7e8a5b' skipped: maximum number of running instances reached!", "traceback": null}}, {"model": "django_apscheduler.djangojobexecution", "pk": 201, "fields": {"job": "my_job", "status": "Max instances!", "run_time": "2022-01-24T20:15:20Z", "duration": "0.73", "finished": "1643055320.73", "exception": "Execution of job 'my_job' skipped: maximum number of running instances reached!", "traceback": null}}, {"model": "django_apscheduler.djangojobexecution", "pk": 202, "fields": {"job": "d55a1bb3cdea4a44818038b01c7e8a5b", "status": "Max instances!", "run_time": "2022-01-24T20:15:20Z", "duration": "0.86", "finished": "1643055320.86", "exception": "Execution of job 'd55a1bb3cdea4a44818038b01c7e8a5b' skipped: maximum number of running instances reached!", "traceback": null}}, {"model": "django_apscheduler.djangojobexecution", "pk": 203, "fields": {"job": "my_job", "status": "Max instances!", "run_time": "2022-01-24T20:15:30Z", "duration": "0.86", "finished": "1643055330.86", "exception": "Execution of job 'my_job' skipped: maximum number of running instances reached!", "traceback": null}}, {"model": "django_apscheduler.djangojobexecution", "pk": 204, "fields": {"job": "d55a1bb3cdea4a44818038b01c7e8a5b", "status": "Max instances!", "run_time": "2022-01-24T20:15:30Z", "duration": "1.02", "finished": "1643055331.02", "exception": "Execution of job 'd55a1bb3cdea4a44818038b01c7e8a5b' skipped: maximum number of running instances reached!", "traceback": null}}, {"model": "django_apscheduler.djangojobexecution", "pk": 205, "fields": {"job": "my_job", "status": "Max instances!", "run_time": "2022-01-24T20:15:40Z", "duration": "0.77", "finished": "1643055340.77", "exception": "Execution of job 'my_job' skipped: maximum number of running instances reached!", "traceback": null}}, {"model": "django_apscheduler.djangojobexecution", "pk": 206, "fields": {"job": "d55a1bb3cdea4a44818038b01c7e8a5b", "status": "Max instances!", "run_time": "2022-01-24T20:15:40Z", "duration": "0.89", "finished": "1643055340.89", "exception": "Execution of job 'd55a1bb3cdea4a44818038b01c7e8a5b' skipped: maximum number of running instances reached!", "traceback": null}}, {"model": "django_apscheduler.djangojobexecution", "pk": 207, "fields": {"job": "my_job", "status": "Max instances!", "run_time": "2022-01-24T20:15:50Z", "duration": "0.77", "finished": "1643055350.77", "exception": "Execution of job 'my_job' skipped: maximum number of running instances reached!", "traceback": null}}, {"model": "django_apscheduler.djangojobexecution", "pk": 208, "fields": {"job": "d55a1bb3cdea4a44818038b01c7e8a5b", "status": "Max instances!", "run_time": "2022-01-24T20:15:50Z", "duration": "0.87", "finished": "1643055350.87", "exception": "Execution of job 'd55a1bb3cdea4a44818038b01c7e8a5b' skipped: maximum number of running instances reached!", "traceback": null}}, {"model": "django_apscheduler.djangojobexecution", "pk": 209, "fields": {"job": "my_job", "status": "Max instances!", "run_time": "2022-01-24T20:16:00Z", "duration": "0.70", "finished": "1643055360.70", "exception": "Execution of job 'my_job' skipped: maximum number of running instances reached!", "traceback": null}}, {"model": "django_apscheduler.djangojobexecution", "pk": 210, "fields": {"job": "d55a1bb3cdea4a44818038b01c7e8a5b", "status": "Max instances!", "run_time": "2022-01-24T20:16:00Z", "duration": "0.81", "finished": "1643055360.81", "exception": "Execution of job 'd55a1bb3cdea4a44818038b01c7e8a5b' skipped: maximum number of running instances reached!", "traceback": null}}, {"model": "django_apscheduler.djangojobexecution", "pk": 211, "fields": {"job": "my_job", "status": "Max instances!", "run_time": "2022-01-24T20:16:10Z", "duration": "0.66", "finished": "1643055370.66", "exception": "Execution of job 'my_job' skipped: maximum number of running instances reached!", "traceback": null}}, {"model": "django_apscheduler.djangojobexecution", "pk": 212, "fields": {"job": "d55a1bb3cdea4a44818038b01c7e8a5b", "status": "Max instances!", "run_time": "2022-01-24T20:16:10Z", "duration": "0.79", "finished": "1643055370.79", "exception": "Execution of job 'd55a1bb3cdea4a44818038b01c7e8a5b' skipped: maximum number of running instances reached!", "traceback": null}}, {"model": "django_apscheduler.djangojobexecution", "pk": 213, "fields": {"job": "my_job", "status": "Max instances!", "run_time": "2022-01-24T20:16:20Z", "duration": "0.66", "finished": "1643055380.66", "exception": "Execution of job 'my_job' skipped: maximum number of running instances reached!", "traceback": null}}, {"model": "django_apscheduler.djangojobexecution", "pk": 214, "fields": {"job": "d55a1bb3cdea4a44818038b01c7e8a5b", "status": "Max instances!", "run_time": "2022-01-24T20:16:20Z", "duration": "0.78", "finished": "1643055380.78", "exception": "Execution of job 'd55a1bb3cdea4a44818038b01c7e8a5b' skipped: maximum number of running instances reached!", "traceback": null}}, {"model": "django_apscheduler.djangojobexecution", "pk": 215, "fields": {"job": "my_job", "status": "Max instances!", "run_time": "2022-01-24T20:16:30Z", "duration": "0.74", "finished": "1643055390.74", "exception": "Execution of job 'my_job' skipped: maximum number of running instances reached!", "traceback": null}}, {"model": "django_apscheduler.djangojobexecution", "pk": 216, "fields": {"job": "d55a1bb3cdea4a44818038b01c7e8a5b", "status": "Max instances!", "run_time": "2022-01-24T20:16:30Z", "duration": "0.92", "finished": "1643055390.92", "exception": "Execution of job 'd55a1bb3cdea4a44818038b01c7e8a5b' skipped: maximum number of running instances reached!", "traceback": null}}, {"model": "django_apscheduler.djangojobexecution", "pk": 217, "fields": {"job": "my_job", "status": "Max instances!", "run_time": "2022-01-24T20:16:40Z", "duration": "0.81", "finished": "1643055400.81", "exception": "Execution of job 'my_job' skipped: maximum number of running instances reached!", "traceback": null}}, {"model": "django_apscheduler.djangojobexecution", "pk": 218, "fields": {"job": "d55a1bb3cdea4a44818038b01c7e8a5b", "status": "Max instances!", "run_time": "2022-01-24T20:16:40Z", "duration": "0.90", "finished": "1643055400.90", "exception": "Execution of job 'd55a1bb3cdea4a44818038b01c7e8a5b' skipped: maximum number of running instances reached!", "traceback": null}}, {"model": "django_apscheduler.djangojobexecution", "pk": 219, "fields": {"job": "my_job", "status": "Max instances!", "run_time": "2022-01-24T20:16:50Z", "duration": "0.66", "finished": "1643055410.66", "exception": "Execution of job 'my_job' skipped: maximum number of running instances reached!", "traceback": null}}, {"model": "django_apscheduler.djangojobexecution", "pk": 220, "fields": {"job": "d55a1bb3cdea4a44818038b01c7e8a5b", "status": "Max instances!", "run_time": "2022-01-24T20:16:50Z", "duration": "0.75", "finished": "1643055410.75", "exception": "Execution of job 'd55a1bb3cdea4a44818038b01c7e8a5b' skipped: maximum number of running instances reached!", "traceback": null}}, {"model": "django_apscheduler.djangojobexecution", "pk": 221, "fields": {"job": "my_job", "status": "Max instances!", "run_time": "2022-01-24T20:17:00Z", "duration": "0.70", "finished": "1643055420.70", "exception": "Execution of job 'my_job' skipped: maximum number of running instances reached!", "traceback": null}}, {"model": "django_apscheduler.djangojobexecution", "pk": 222, "fields": {"job": "d55a1bb3cdea4a44818038b01c7e8a5b", "status": "Max instances!", "run_time": "2022-01-24T20:17:00Z", "duration": "0.78", "finished": "1643055420.78", "exception": "Execution of job 'd55a1bb3cdea4a44818038b01c7e8a5b' skipped: maximum number of running instances reached!", "traceback": null}}, {"model": "django_apscheduler.djangojobexecution", "pk": 223, "fields": {"job": "my_job", "status": "Started execution", "run_time": "2022-01-24T20:17:10Z", "duration": null, "finished": null, "exception": null, "traceback": null}}, {"model": "django_apscheduler.djangojobexecution", "pk": 224, "fields": {"job": "d55a1bb3cdea4a44818038b01c7e8a5b", "status": "Started execution", "run_time": "2022-01-24T20:17:10Z", "duration": null, "finished": null, "exception": null, "traceback": null}}, {"model": "django_apscheduler.djangojobexecution", "pk": 225, "fields": {"job": "my_job", "status": "Max instances!", "run_time": "2022-01-24T20:17:20Z", "duration": "0.69", "finished": "1643055440.69", "exception": "Execution of job 'my_job' skipped: maximum number of running instances reached!", "traceback": null}}, {"model": "django_apscheduler.djangojobexecution", "pk": 226, "fields": {"job": "d55a1bb3cdea4a44818038b01c7e8a5b", "status": "Max instances!", "run_time": "2022-01-24T20:17:20Z", "duration": "0.78", "finished": "1643055440.78", "exception": "Execution of job 'd55a1bb3cdea4a44818038b01c7e8a5b' skipped: maximum number of running instances reached!", "traceback": null}}, {"model": "django_apscheduler.djangojobexecution", "pk": 227, "fields": {"job": "my_job", "status": "Max instances!", "run_time": "2022-01-24T20:17:30Z", "duration": "0.65", "finished": "1643055450.65", "exception": "Execution of job 'my_job' skipped: maximum number of running instances reached!", "traceback": null}}, {"model": "django_apscheduler.djangojobexecution", "pk": 228, "fields": {"job": "d55a1bb3cdea4a44818038b01c7e8a5b", "status": "Max instances!", "run_time": "2022-01-24T20:17:30Z", "duration": "0.75", "finished": "1643055450.75", "exception": "Execution of job 'd55a1bb3cdea4a44818038b01c7e8a5b' skipped: maximum number of running instances reached!", "traceback": null}}, {"model": "django_apscheduler.djangojobexecution", "pk": 229, "fields": {"job": "my_job", "status": "Max instances!", "run_time": "2022-01-24T20:17:40Z", "duration": "0.66", "finished": "1643055460.66", "exception": "Execution of job 'my_job' skipped: maximum number of running instances reached!", "traceback": null}}, {"model": "django_apscheduler.djangojobexecution", "pk": 230, "fields": {"job": "d55a1bb3cdea4a44818038b01c7e8a5b", "status": "Max instances!", "run_time": "2022-01-24T20:17:40Z", "duration": "0.76", "finished": "1643055460.76", "exception": "Execution of job 'd55a1bb3cdea4a44818038b01c7e8a5b' skipped: maximum number of running instances reached!", "traceback": null}}, {"model": "django_apscheduler.djangojobexecution", "pk": 231, "fields": {"job": "my_job", "status": "Max instances!", "run_time": "2022-01-24T20:17:50Z", "duration": "0.67", "finished": "1643055470.67", "exception": "Execution of job 'my_job' skipped: maximum number of running instances reached!", "traceback": null}}, {"model": "django_apscheduler.djangojobexecution", "pk": 232, "fields": {"job": "d55a1bb3cdea4a44818038b01c7e8a5b", "status": "Max instances!", "run_time": "2022-01-24T20:17:50Z", "duration": "0.79", "finished": "1643055470.79", "exception": "Execution of job 'd55a1bb3cdea4a44818038b01c7e8a5b' skipped: maximum number of running instances reached!", "traceback": null}}, {"model": "django_apscheduler.djangojobexecution", "pk": 233, "fields": {"job": "my_job", "status": "Max instances!", "run_time": "2022-01-24T20:18:00Z", "duration": "0.68", "finished": "1643055480.68", "exception": "Execution of job 'my_job' skipped: maximum number of running instances reached!", "traceback": null}}, {"model": "django_apscheduler.djangojobexecution", "pk": 234, "fields": {"job": "d55a1bb3cdea4a44818038b01c7e8a5b", "status": "Max instances!", "run_time": "2022-01-24T20:18:00Z", "duration": "0.78", "finished": "1643055480.78", "exception": "Execution of job 'd55a1bb3cdea4a44818038b01c7e8a5b' skipped: maximum number of running instances reached!", "traceback": null}}, {"model": "django_apscheduler.djangojobexecution", "pk": 235, "fields": {"job": "my_job", "status": "Max instances!", "run_time": "2022-01-24T20:18:10Z", "duration": "0.63", "finished": "1643055490.63", "exception": "Execution of job 'my_job' skipped: maximum number of running instances reached!", "traceback": null}}, {"model": "django_apscheduler.djangojobexecution", "pk": 236, "fields": {"job": "d55a1bb3cdea4a44818038b01c7e8a5b", "status": "Max instances!", "run_time": "2022-01-24T20:18:10Z", "duration": "0.73", "finished": "1643055490.73", "exception": "Execution of job 'd55a1bb3cdea4a44818038b01c7e8a5b' skipped: maximum number of running instances reached!", "traceback": null}}, {"model": "django_apscheduler.djangojobexecution", "pk": 237, "fields": {"job": "my_job", "status": "Max instances!", "run_time": "2022-01-24T20:18:20Z", "duration": "0.58", "finished": "1643055500.58", "exception": "Execution of job 'my_job' skipped: maximum number of running instances reached!", "traceback": null}}, {"model": "django_apscheduler.djangojobexecution", "pk": 238, "fields": {"job": "d55a1bb3cdea4a44818038b01c7e8a5b", "status": "Max instances!", "run_time": "2022-01-24T20:18:20Z", "duration": "0.71", "finished": "1643055500.71", "exception": "Execution of job 'd55a1bb3cdea4a44818038b01c7e8a5b' skipped: maximum number of running instances reached!", "traceback": null}}, {"model": "django_apscheduler.djangojobexecution", "pk": 239, "fields": {"job": "my_job", "status": "Max instances!", "run_time": "2022-01-24T20:18:30Z", "duration": "0.73", "finished": "1643055510.73", "exception": "Execution of job 'my_job' skipped: maximum number of running instances reached!", "traceback": null}}, {"model": "django_apscheduler.djangojobexecution", "pk": 240, "fields": {"job": "d55a1bb3cdea4a44818038b01c7e8a5b", "status": "Max instances!", "run_time": "2022-01-24T20:18:30Z", "duration": "0.84", "finished": "1643055510.84", "exception": "Execution of job 'd55a1bb3cdea4a44818038b01c7e8a5b' skipped: maximum number of running instances reached!", "traceback": null}}, {"model": "django_apscheduler.djangojobexecution", "pk": 241, "fields": {"job": "my_job", "status": "Max instances!", "run_time": "2022-01-24T20:18:40Z", "duration": "0.64", "finished": "1643055520.64", "exception": "Execution of job 'my_job' skipped: maximum number of running instances reached!", "traceback": null}}, {"model": "django_apscheduler.djangojobexecution", "pk": 242, "fields": {"job": "d55a1bb3cdea4a44818038b01c7e8a5b", "status": "Max instances!", "run_time": "2022-01-24T20:18:40Z", "duration": "0.76", "finished": "1643055520.76", "exception": "Execution of job 'd55a1bb3cdea4a44818038b01c7e8a5b' skipped: maximum number of running instances reached!", "traceback": null}}, {"model": "django_apscheduler.djangojobexecution", "pk": 243, "fields": {"job": "my_job", "status": "Max instances!", "run_time": "2022-01-24T20:18:50Z", "duration": "0.61", "finished": "1643055530.61", "exception": "Execution of job 'my_job' skipped: maximum number of running instances reached!", "traceback": null}}, {"model": "django_apscheduler.djangojobexecution", "pk": 244, "fields": {"job": "d55a1bb3cdea4a44818038b01c7e8a5b", "status": "Max instances!", "run_time": "2022-01-24T20:18:50Z", "duration": "0.73", "finished": "1643055530.73", "exception": "Execution of job 'd55a1bb3cdea4a44818038b01c7e8a5b' skipped: maximum number of running instances reached!", "traceback": null}}, {"model": "django_apscheduler.djangojobexecution", "pk": 245, "fields": {"job": "my_job", "status": "Max instances!", "run_time": "2022-01-24T20:19:00Z", "duration": "0.70", "finished": "1643055540.70", "exception": "Execution of job 'my_job' skipped: maximum number of running instances reached!", "traceback": null}}, {"model": "django_apscheduler.djangojobexecution", "pk": 246, "fields": {"job": "d55a1bb3cdea4a44818038b01c7e8a5b", "status": "Max instances!", "run_time": "2022-01-24T20:19:00Z", "duration": "0.82", "finished": "1643055540.82", "exception": "Execution of job 'd55a1bb3cdea4a44818038b01c7e8a5b' skipped: maximum number of running instances reached!", "traceback": null}}, {"model": "django_apscheduler.djangojobexecution", "pk": 247, "fields": {"job": "my_job", "status": "Max instances!", "run_time": "2022-01-24T20:19:10Z", "duration": "0.62", "finished": "1643055550.62", "exception": "Execution of job 'my_job' skipped: maximum number of running instances reached!", "traceback": null}}, {"model": "django_apscheduler.djangojobexecution", "pk": 248, "fields": {"job": "d55a1bb3cdea4a44818038b01c7e8a5b", "status": "Max instances!", "run_time": "2022-01-24T20:19:10Z", "duration": "0.74", "finished": "1643055550.74", "exception": "Execution of job 'd55a1bb3cdea4a44818038b01c7e8a5b' skipped: maximum number of running instances reached!", "traceback": null}}, {"model": "django_apscheduler.djangojobexecution", "pk": 249, "fields": {"job": "my_job", "status": "Max instances!", "run_time": "2022-01-24T20:19:20Z", "duration": "0.62", "finished": "1643055560.62", "exception": "Execution of job 'my_job' skipped: maximum number of running instances reached!", "traceback": null}}, {"model": "django_apscheduler.djangojobexecution", "pk": 250, "fields": {"job": "d55a1bb3cdea4a44818038b01c7e8a5b", "status": "Max instances!", "run_time": "2022-01-24T20:19:20Z", "duration": "0.73", "finished": "1643055560.73", "exception": "Execution of job 'd55a1bb3cdea4a44818038b01c7e8a5b' skipped: maximum number of running instances reached!", "traceback": null}}, {"model": "django_apscheduler.djangojobexecution", "pk": 251, "fields": {"job": "my_job", "status": "Max instances!", "run_time": "2022-01-24T20:19:30Z", "duration": "0.68", "finished": "1643055570.68", "exception": "Execution of job 'my_job' skipped: maximum number of running instances reached!", "traceback": null}}, {"model": "django_apscheduler.djangojobexecution", "pk": 252, "fields": {"job": "d55a1bb3cdea4a44818038b01c7e8a5b", "status": "Max instances!", "run_time": "2022-01-24T20:19:30Z", "duration": "0.80", "finished": "1643055570.80", "exception": "Execution of job 'd55a1bb3cdea4a44818038b01c7e8a5b' skipped: maximum number of running instances reached!", "traceback": null}}, {"model": "django_apscheduler.djangojobexecution", "pk": 253, "fields": {"job": "my_job", "status": "Max instances!", "run_time": "2022-01-24T20:19:40Z", "duration": "0.72", "finished": "1643055580.72", "exception": "Execution of job 'my_job' skipped: maximum number of running instances reached!", "traceback": null}}, {"model": "django_apscheduler.djangojobexecution", "pk": 254, "fields": {"job": "d55a1bb3cdea4a44818038b01c7e8a5b", "status": "Max instances!", "run_time": "2022-01-24T20:19:40Z", "duration": "0.87", "finished": "1643055580.87", "exception": "Execution of job 'd55a1bb3cdea4a44818038b01c7e8a5b' skipped: maximum number of running instances reached!", "traceback": null}}, {"model": "django_apscheduler.djangojobexecution", "pk": 255, "fields": {"job": "my_job", "status": "Max instances!", "run_time": "2022-01-24T20:19:50Z", "duration": "0.67", "finished": "1643055590.67", "exception": "Execution of job 'my_job' skipped: maximum number of running instances reached!", "traceback": null}}, {"model": "django_apscheduler.djangojobexecution", "pk": 256, "fields": {"job": "d55a1bb3cdea4a44818038b01c7e8a5b", "status": "Max instances!", "run_time": "2022-01-24T20:19:50Z", "duration": "0.78", "finished": "1643055590.78", "exception": "Execution of job 'd55a1bb3cdea4a44818038b01c7e8a5b' skipped: maximum number of running instances reached!", "traceback": null}}, {"model": "django_apscheduler.djangojobexecution", "pk": 257, "fields": {"job": "my_job", "status": "Max instances!", "run_time": "2022-01-24T20:20:00Z", "duration": "0.62", "finished": "1643055600.62", "exception": "Execution of job 'my_job' skipped: maximum number of running instances reached!", "traceback": null}}, {"model": "django_apscheduler.djangojobexecution", "pk": 258, "fields": {"job": "d55a1bb3cdea4a44818038b01c7e8a5b", "status": "Max instances!", "run_time": "2022-01-24T20:20:00Z", "duration": "0.73", "finished": "1643055600.73", "exception": "Execution of job 'd55a1bb3cdea4a44818038b01c7e8a5b' skipped: maximum number of running instances reached!", "traceback": null}}, {"model": "django_apscheduler.djangojobexecution", "pk": 259, "fields": {"job": "my_job", "status": "Max instances!", "run_time": "2022-01-24T20:20:10Z", "duration": "2.03", "finished": "1643055612.03", "exception": "Execution of job 'my_job' skipped: maximum number of running instances reached!", "traceback": null}}, {"model": "django_apscheduler.djangojobexecution", "pk": 260, "fields": {"job": "d55a1bb3cdea4a44818038b01c7e8a5b", "status": "Max instances!", "run_time": "2022-01-24T20:20:10Z", "duration": "2.17", "finished": "1643055612.17", "exception": "Execution of job 'd55a1bb3cdea4a44818038b01c7e8a5b' skipped: maximum number of running instances reached!", "traceback": null}}, {"model": "django_apscheduler.djangojobexecution", "pk": 261, "fields": {"job": "my_job", "status": "Max instances!", "run_time": "2022-01-24T20:20:20Z", "duration": "2.00", "finished": "1643055622.00", "exception": "Execution of job 'my_job' skipped: maximum number of running instances reached!", "traceback": null}}, {"model": "django_apscheduler.djangojobexecution", "pk": 262, "fields": {"job": "d55a1bb3cdea4a44818038b01c7e8a5b", "status": "Max instances!", "run_time": "2022-01-24T20:20:20Z", "duration": "2.14", "finished": "1643055622.14", "exception": "Execution of job 'd55a1bb3cdea4a44818038b01c7e8a5b' skipped: maximum number of running instances reached!", "traceback": null}}, {"model": "django_apscheduler.djangojobexecution", "pk": 263, "fields": {"job": "my_job", "status": "Max instances!", "run_time": "2022-01-24T20:20:30Z", "duration": "0.62", "finished": "1643055630.62", "exception": "Execution of job 'my_job' skipped: maximum number of running instances reached!", "traceback": null}}, {"model": "django_apscheduler.djangojobexecution", "pk": 264, "fields": {"job": "d55a1bb3cdea4a44818038b01c7e8a5b", "status": "Max instances!", "run_time": "2022-01-24T20:20:30Z", "duration": "0.73", "finished": "1643055630.73", "exception": "Execution of job 'd55a1bb3cdea4a44818038b01c7e8a5b' skipped: maximum number of running instances reached!", "traceback": null}}, {"model": "django_apscheduler.djangojobexecution", "pk": 265, "fields": {"job": "my_job", "status": "Max instances!", "run_time": "2022-01-24T20:20:40Z", "duration": "0.65", "finished": "1643055640.65", "exception": "Execution of job 'my_job' skipped: maximum number of running instances reached!", "traceback": null}}, {"model": "django_apscheduler.djangojobexecution", "pk": 266, "fields": {"job": "d55a1bb3cdea4a44818038b01c7e8a5b", "status": "Max instances!", "run_time": "2022-01-24T20:20:40Z", "duration": "0.76", "finished": "1643055640.76", "exception": "Execution of job 'd55a1bb3cdea4a44818038b01c7e8a5b' skipped: maximum number of running instances reached!", "traceback": null}}, {"model": "django_apscheduler.djangojobexecution", "pk": 267, "fields": {"job": "my_job", "status": "Max instances!", "run_time": "2022-01-24T20:20:50Z", "duration": "0.90", "finished": "1643055650.90", "exception": "Execution of job 'my_job' skipped: maximum number of running instances reached!", "traceback": null}}, {"model": "django_apscheduler.djangojobexecution", "pk": 268, "fields": {"job": "d55a1bb3cdea4a44818038b01c7e8a5b", "status": "Max instances!", "run_time": "2022-01-24T20:20:50Z", "duration": "1.09", "finished": "1643055651.09", "exception": "Execution of job 'd55a1bb3cdea4a44818038b01c7e8a5b' skipped: maximum number of running instances reached!", "traceback": null}}, {"model": "django_apscheduler.djangojobexecution", "pk": 269, "fields": {"job": "my_job", "status": "Max instances!", "run_time": "2022-01-24T20:21:00Z", "duration": "0.97", "finished": "1643055660.97", "exception": "Execution of job 'my_job' skipped: maximum number of running instances reached!", "traceback": null}}, {"model": "django_apscheduler.djangojobexecution", "pk": 270, "fields": {"job": "d55a1bb3cdea4a44818038b01c7e8a5b", "status": "Max instances!", "run_time": "2022-01-24T20:21:00Z", "duration": "1.10", "finished": "1643055661.10", "exception": "Execution of job 'd55a1bb3cdea4a44818038b01c7e8a5b' skipped: maximum number of running instances reached!", "traceback": null}}, {"model": "django_apscheduler.djangojobexecution", "pk": 271, "fields": {"job": "my_job", "status": "Max instances!", "run_time": "2022-01-24T20:21:10Z", "duration": "0.69", "finished": "1643055670.69", "exception": "Execution of job 'my_job' skipped: maximum number of running instances reached!", "traceback": null}}, {"model": "django_apscheduler.djangojobexecution", "pk": 272, "fields": {"job": "d55a1bb3cdea4a44818038b01c7e8a5b", "status": "Max instances!", "run_time": "2022-01-24T20:21:10Z", "duration": "0.84", "finished": "1643055670.84", "exception": "Execution of job 'd55a1bb3cdea4a44818038b01c7e8a5b' skipped: maximum number of running instances reached!", "traceback": null}}, {"model": "django_apscheduler.djangojobexecution", "pk": 273, "fields": {"job": "my_job", "status": "Max instances!", "run_time": "2022-01-24T20:21:20Z", "duration": "0.81", "finished": "1643055680.81", "exception": "Execution of job 'my_job' skipped: maximum number of running instances reached!", "traceback": null}}, {"model": "django_apscheduler.djangojobexecution", "pk": 274, "fields": {"job": "d55a1bb3cdea4a44818038b01c7e8a5b", "status": "Max instances!", "run_time": "2022-01-24T20:21:20Z", "duration": "0.97", "finished": "1643055680.97", "exception": "Execution of job 'd55a1bb3cdea4a44818038b01c7e8a5b' skipped: maximum number of running instances reached!", "traceback": null}}, {"model": "django_apscheduler.djangojobexecution", "pk": 275, "fields": {"job": "my_job", "status": "Max instances!", "run_time": "2022-01-24T20:21:30Z", "duration": "0.84", "finished": "1643055690.84", "exception": "Execution of job 'my_job' skipped: maximum number of running instances reached!", "traceback": null}}, {"model": "django_apscheduler.djangojobexecution", "pk": 276, "fields": {"job": "d55a1bb3cdea4a44818038b01c7e8a5b", "status": "Max instances!", "run_time": "2022-01-24T20:21:30Z", "duration": "0.97", "finished": "1643055690.97", "exception": "Execution of job 'd55a1bb3cdea4a44818038b01c7e8a5b' skipped: maximum number of running instances reached!", "traceback": null}}, {"model": "django_apscheduler.djangojobexecution", "pk": 277, "fields": {"job": "my_job", "status": "Max instances!", "run_time": "2022-01-24T20:21:40Z", "duration": "1.16", "finished": "1643055701.16", "exception": "Execution of job 'my_job' skipped: maximum number of running instances reached!", "traceback": null}}, {"model": "django_apscheduler.djangojobexecution", "pk": 278, "fields": {"job": "d55a1bb3cdea4a44818038b01c7e8a5b", "status": "Max instances!", "run_time": "2022-01-24T20:21:40Z", "duration": "1.28", "finished": "1643055701.28", "exception": "Execution of job 'd55a1bb3cdea4a44818038b01c7e8a5b' skipped: maximum number of running instances reached!", "traceback": null}}, {"model": "django_apscheduler.djangojobexecution", "pk": 279, "fields": {"job": "my_job", "status": "Max instances!", "run_time": "2022-01-24T20:21:50Z", "duration": "1.09", "finished": "1643055711.09", "exception": "Execution of job 'my_job' skipped: maximum number of running instances reached!", "traceback": null}}, {"model": "django_apscheduler.djangojobexecution", "pk": 280, "fields": {"job": "d55a1bb3cdea4a44818038b01c7e8a5b", "status": "Max instances!", "run_time": "2022-01-24T20:21:50Z", "duration": "1.19", "finished": "1643055711.19", "exception": "Execution of job 'd55a1bb3cdea4a44818038b01c7e8a5b' skipped: maximum number of running instances reached!", "traceback": null}}, {"model": "admin.logentry", "pk": 1, "fields": {"action_time": "2021-11-29T22:26:45.886Z", "user": 4, "content_type": 13, "object_id": "1", "object_repr": "/about/ -- Hallo News!", "action_flag": 1, "change_message": "[{\"added\": {}}]"}}, {"model": "admin.logentry", "pk": 2, "fields": {"action_time": "2021-11-29T22:28:39.878Z", "user": 4, "content_type": 13, "object_id": "1", "object_repr": "/about/ -- Hallo News!", "action_flag": 2, "change_message": "[{\"changed\": {\"fields\": [\"Content\"]}}]"}}, {"model": "admin.logentry", "pk": 3, "fields": {"action_time": "2021-11-29T22:31:08.330Z", "user": 4, "content_type": 13, "object_id": "2", "object_repr": "/contact/ -- About us!", "action_flag": 1, "change_message": "[{\"added\": {}}]"}}, {"model": "admin.logentry", "pk": 4, "fields": {"action_time": "2021-11-29T22:32:52.839Z", "user": 4, "content_type": 13, "object_id": "3", "object_repr": "/news/ -- news", "action_flag": 1, "change_message": "[{\"added\": {}}]"}}, {"model": "admin.logentry", "pk": 5, "fields": {"action_time": "2021-12-01T10:43:56.684Z", "user": 4, "content_type": 13, "object_id": "3", "object_repr": "/news/ -- news", "action_flag": 2, "change_message": "[]"}}, {"model": "admin.logentry", "pk": 6, "fields": {"action_time": "2021-12-17T14:44:02.225Z", "user": 4, "content_type": 13, "object_id": "4", "object_repr": "/home/ -- Die Zeit Die Welt", "action_flag": 1, "change_message": "[{\"added\": {}}]"}}, {"model": "admin.logentry", "pk": 7, "fields": {"action_time": "2021-12-17T15:41:10.471Z", "user": 4, "content_type": 13, "object_id": "5", "object_repr": "/login/ -- Registrieren Sie sich bitte!", "action_flag": 1, "change_message": "[{\"added\": {}}]"}}, {"model": "admin.logentry", "pk": 8, "fields": {"action_time": "2021-12-17T15:42:48.630Z", "user": 4, "content_type": 13, "object_id": "6", "object_repr": "/Registrierung/ -- Sie können sich hier registrieren", "action_flag": 1, "change_message": "[{\"added\": {}}]"}}, {"model": "admin.logentry", "pk": 9, "fields": {"action_time": "2021-12-17T15:43:33.333Z", "user": 4, "content_type": 13, "object_id": "6", "object_repr": "/Registrierung/ -- Sie können sich hier registrieren", "action_flag": 2, "change_message": "[{\"changed\": {\"fields\": [\"Content\"]}}]"}}, {"model": "admin.logentry", "pk": 10, "fields": {"action_time": "2021-12-17T15:43:50.356Z", "user": 4, "content_type": 13, "object_id": "5", "object_repr": "/login/ -- Registrieren Sie sich bitte!", "action_flag": 2, "change_message": "[{\"changed\": {\"fields\": [\"Content\"]}}]"}}, {"model": "admin.logentry", "pk": 11, "fields": {"action_time": "2021-12-17T15:45:05.177Z", "user": 4, "content_type": 13, "object_id": "6", "object_repr": "/Registrierung/ -- Sie können sich hier registrieren", "action_flag": 2, "change_message": "[{\"changed\": {\"fields\": [\"Content\"]}}]"}}, {"model": "admin.logentry", "pk": 12, "fields": {"action_time": "2021-12-17T22:50:47.056Z", "user": 4, "content_type": 13, "object_id": "7", "object_repr": "/Artikelhinzufügen/ -- Artikel", "action_flag": 1, "change_message": "[{\"added\": {}}]"}}, {"model": "admin.logentry", "pk": 13, "fields": {"action_time": "2021-12-18T02:52:31.743Z", "user": 4, "content_type": 13, "object_id": "7", "object_repr": "/Artikelhinzufügen/ -- Artikel", "action_flag": 3, "change_message": ""}}, {"model": "admin.logentry", "pk": 14, "fields": {"action_time": "2021-12-22T20:21:24.112Z", "user": 4, "content_type": 12, "object_id": "1", "object_repr": "127.0.0.1", "action_flag": 2, "change_message": "[{\"changed\": {\"fields\": [\"Domain name\"]}}]"}}, {"model": "admin.logentry", "pk": 15, "fields": {"action_time": "2021-12-22T23:30:32.257Z", "user": 4, "content_type": 18, "object_id": "1", "object_repr": "Google", "action_flag": 1, "change_message": "[{\"added\": {}}]"}}, {"model": "admin.logentry", "pk": 16, "fields": {"action_time": "2021-12-22T23:38:07.373Z", "user": 4, "content_type": 3, "object_id": "1", "object_repr": "basic", "action_flag": 1, "change_message": "[{\"added\": {}}]"}}, {"model": "admin.logentry", "pk": 17, "fields": {"action_time": "2021-12-22T23:38:58.301Z", "user": 4, "content_type": 3, "object_id": "2", "object_repr": "premium", "action_flag": 1, "change_message": "[{\"added\": {}}]"}}, {"model": "admin.logentry", "pk": 18, "fields": {"action_time": "2021-12-23T10:20:02.101Z", "user": 4, "content_type": 4, "object_id": "6", "object_repr": "basic_user", "action_flag": 1, "change_message": "[{\"added\": {}}]"}}, {"model": "admin.logentry", "pk": 19, "fields": {"action_time": "2021-12-23T10:25:04.712Z", "user": 4, "content_type": 4, "object_id": "6", "object_repr": "basic_user", "action_flag": 2, "change_message": "[{\"changed\": {\"fields\": [\"First name\", \"Last name\", \"Email address\", \"Groups\"]}}]"}}, {"model": "admin.logentry", "pk": 20, "fields": {"action_time": "2021-12-23T10:26:07.676Z", "user": 4, "content_type": 4, "object_id": "7", "object_repr": "premium_user", "action_flag": 1, "change_message": "[{\"added\": {}}]"}}, {"model": "admin.logentry", "pk": 21, "fields": {"action_time": "2021-12-23T10:28:10.401Z", "user": 4, "content_type": 4, "object_id": "7", "object_repr": "premium_user", "action_flag": 2, "change_message": "[{\"changed\": {\"fields\": [\"First name\", \"Last name\", \"Email address\", \"Groups\"]}}]"}}, {"model": "admin.logentry", "pk": 22, "fields": {"action_time": "2021-12-27T12:57:00.920Z", "user": 4, "content_type": 4, "object_id": "8", "object_repr": "Test_testy", "action_flag": 3, "change_message": ""}}, {"model": "admin.logentry", "pk": 23, "fields": {"action_time": "2021-12-27T12:57:15.087Z", "user": 4, "content_type": 4, "object_id": "6", "object_repr": "basic_user", "action_flag": 3, "change_message": ""}}, {"model": "admin.logentry", "pk": 24, "fields": {"action_time": "2021-12-27T12:57:29.408Z", "user": 4, "content_type": 4, "object_id": "7", "object_repr": "premium_user", "action_flag": 3, "change_message": ""}}, {"model": "admin.logentry", "pk": 25, "fields": {"action_time": "2021-12-27T13:10:57.028Z", "user": 4, "content_type": 4, "object_id": "10", "object_repr": "Test_testy", "action_flag": 2, "change_message": "[{\"changed\": {\"fields\": [\"Groups\"]}}]"}}, {"model": "admin.logentry", "pk": 26, "fields": {"action_time": "2022-01-06T23:26:13.631Z", "user": 4, "content_type": 3, "object_id": "2", "object_repr": "premium", "action_flag": 2, "change_message": "[{\"changed\": {\"fields\": [\"Permissions\"]}}]"}}, {"model": "admin.logentry", "pk": 27, "fields": {"action_time": "2022-01-14T18:40:44.313Z", "user": 4, "content_type": 4, "object_id": "15", "object_repr": "ann.auksutat", "action_flag": 3, "change_message": ""}}, {"model": "auth.permission", "pk": 1, "fields": {"name": "Can add log entry", "content_type": 1, "codename": "add_logentry"}}, {"model": "auth.permission", "pk": 2, "fields": {"name": "Can change log entry", "content_type": 1, "codename": "change_logentry"}}, {"model": "auth.permission", "pk": 3, "fields": {"name": "Can delete log entry", "content_type": 1, "codename": "delete_logentry"}}, {"model": "auth.permission", "pk": 4, "fields": {"name": "Can view log entry", "content_type": 1, "codename": "view_logentry"}}, {"model": "auth.permission", "pk": 5, "fields": {"name": "Can add permission", "content_type": 2, "codename": "add_permission"}}, {"model": "auth.permission", "pk": 6, "fields": {"name": "Can change permission", "content_type": 2, "codename": "change_permission"}}, {"model": "auth.permission", "pk": 7, "fields": {"name": "Can delete permission", "content_type": 2, "codename": "delete_permission"}}, {"model": "auth.permission", "pk": 8, "fields": {"name": "Can view permission", "content_type": 2, "codename": "view_permission"}}, {"model": "auth.permission", "pk": 9, "fields": {"name": "Can add group", "content_type": 3, "codename": "add_group"}}, {"model": "auth.permission", "pk": 10, "fields": {"name": "Can change group", "content_type": 3, "codename": "change_group"}}, {"model": "auth.permission", "pk": 11, "fields": {"name": "Can delete group", "content_type": 3, "codename": "delete_group"}}, {"model": "auth.permission", "pk": 12, "fields": {"name": "Can view group", "content_type": 3, "codename": "view_group"}}, {"model": "auth.permission", "pk": 13, "fields": {"name": "Can add user", "content_type": 4, "codename": "add_user"}}, {"model": "auth.permission", "pk": 14, "fields": {"name": "Can change user", "content_type": 4, "codename": "change_user"}}, {"model": "auth.permission", "pk": 15, "fields": {"name": "Can delete user", "content_type": 4, "codename": "delete_user"}}, {"model": "auth.permission", "pk": 16, "fields": {"name": "Can view user", "content_type": 4, "codename": "view_user"}}, {"model": "auth.permission", "pk": 17, "fields": {"name": "Can add content type", "content_type": 5, "codename": "add_contenttype"}}, {"model": "auth.permission", "pk": 18, "fields": {"name": "Can change content type", "content_type": 5, "codename": "change_contenttype"}}, {"model": "auth.permission", "pk": 19, "fields": {"name": "Can delete content type", "content_type": 5, "codename": "delete_contenttype"}}, {"model": "auth.permission", "pk": 20, "fields": {"name": "Can view content type", "content_type": 5, "codename": "view_contenttype"}}, {"model": "auth.permission", "pk": 21, "fields": {"name": "Can add session", "content_type": 6, "codename": "add_session"}}, {"model": "auth.permission", "pk": 22, "fields": {"name": "Can change session", "content_type": 6, "codename": "change_session"}}, {"model": "auth.permission", "pk": 23, "fields": {"name": "Can delete session", "content_type": 6, "codename": "delete_session"}}, {"model": "auth.permission", "pk": 24, "fields": {"name": "Can view session", "content_type": 6, "codename": "view_session"}}, {"model": "auth.permission", "pk": 25, "fields": {"name": "Can add author", "content_type": 7, "codename": "add_author"}}, {"model": "auth.permission", "pk": 26, "fields": {"name": "Can change author", "content_type": 7, "codename": "change_author"}}, {"model": "auth.permission", "pk": 27, "fields": {"name": "Can delete author", "content_type": 7, "codename": "delete_author"}}, {"model": "auth.permission", "pk": 28, "fields": {"name": "Can view author", "content_type": 7, "codename": "view_author"}}, {"model": "auth.permission", "pk": 29, "fields": {"name": "Can add post category", "content_type": 8, "codename": "add_postcategory"}}, {"model": "auth.permission", "pk": 30, "fields": {"name": "Can change post category", "content_type": 8, "codename": "change_postcategory"}}, {"model": "auth.permission", "pk": 31, "fields": {"name": "Can delete post category", "content_type": 8, "codename": "delete_postcategory"}}, {"model": "auth.permission", "pk": 32, "fields": {"name": "Can view post category", "content_type": 8, "codename": "view_postcategory"}}, {"model": "auth.permission", "pk": 33, "fields": {"name": "Can add category", "content_type": 9, "codename": "add_category"}}, {"model": "auth.permission", "pk": 34, "fields": {"name": "Can change category", "content_type": 9, "codename": "change_category"}}, {"model": "auth.permission", "pk": 35, "fields": {"name": "Can delete category", "content_type": 9, "codename": "delete_category"}}, {"model": "auth.permission", "pk": 36, "fields": {"name": "Can view category", "content_type": 9, "codename": "view_category"}}, {"model": "auth.permission", "pk": 37, "fields": {"name": "Can add comment", "content_type": 10, "codename": "add_comment"}}, {"model": "auth.permission", "pk": 38, "fields": {"name": "Can change comment", "content_type": 10, "codename": "change_comment"}}, {"model": "auth.permission", "pk": 39, "fields": {"name": "Can delete comment", "content_type": 10, "codename": "delete_comment"}}, {"model": "auth.permission", "pk": 40, "fields": {"name": "Can view comment", "content_type": 10, "codename": "view_comment"}}, {"model": "auth.permission", "pk": 41, "fields": {"name": "Can add post", "content_type": 11, "codename": "add_post"}}, {"model": "auth.permission", "pk": 42, "fields": {"name": "Can change post", "content_type": 11, "codename": "change_post"}}, {"model": "auth.permission", "pk": 43, "fields": {"name": "Can delete post", "content_type": 11, "codename": "delete_post"}}, {"model": "auth.permission", "pk": 44, "fields": {"name": "Can view post", "content_type": 11, "codename": "view_post"}}, {"model": "auth.permission", "pk": 45, "fields": {"name": "Can add site", "content_type": 12, "codename": "add_site"}}, {"model": "auth.permission", "pk": 46, "fields": {"name": "Can change site", "content_type": 12, "codename": "change_site"}}, {"model": "auth.permission", "pk": 47, "fields": {"name": "Can delete site", "content_type": 12, "codename": "delete_site"}}, {"model": "auth.permission", "pk": 48, "fields": {"name": "Can view site", "content_type": 12, "codename": "view_site"}}, {"model": "auth.permission", "pk": 49, "fields": {"name": "Can add flat page", "content_type": 13, "codename": "add_flatpage"}}, {"model": "auth.permission", "pk": 50, "fields": {"name": "Can change flat page", "content_type": 13, "codename": "change_flatpage"}}, {"model": "auth.permission", "pk": 51, "fields": {"name": "Can delete flat page", "content_type": 13, "codename": "delete_flatpage"}}, {"model": "auth.permission", "pk": 52, "fields": {"name": "Can view flat page", "content_type": 13, "codename": "view_flatpage"}}, {"model": "auth.permission", "pk": 53, "fields": {"name": "Can add testtable", "content_type": 14, "codename": "add_testtable"}}, {"model": "auth.permission", "pk": 54, "fields": {"name": "Can change testtable", "content_type": 14, "codename": "change_testtable"}}, {"model": "auth.permission", "pk": 55, "fields": {"name": "Can delete testtable", "content_type": 14, "codename": "delete_testtable"}}, {"model": "auth.permission", "pk": 56, "fields": {"name": "Can view testtable", "content_type": 14, "codename": "view_testtable"}}, {"model": "auth.permission", "pk": 57, "fields": {"name": "Can add email address", "content_type": 15, "codename": "add_emailaddress"}}, {"model": "auth.permission", "pk": 58, "fields": {"name": "Can change email address", "content_type": 15, "codename": "change_emailaddress"}}, {"model": "auth.permission", "pk": 59, "fields": {"name": "Can delete email address", "content_type": 15, "codename": "delete_emailaddress"}}, {"model": "auth.permission", "pk": 60, "fields": {"name": "Can view email address", "content_type": 15, "codename": "view_emailaddress"}}, {"model": "auth.permission", "pk": 61, "fields": {"name": "Can add email confirmation", "content_type": 16, "codename": "add_emailconfirmation"}}, {"model": "auth.permission", "pk": 62, "fields": {"name": "Can change email confirmation", "content_type": 16, "codename": "change_emailconfirmation"}}, {"model": "auth.permission", "pk": 63, "fields": {"name": "Can delete email confirmation", "content_type": 16, "codename": "delete_emailconfirmation"}}, {"model": "auth.permission", "pk": 64, "fields": {"name": "Can view email confirmation", "content_type": 16, "codename": "view_emailconfirmation"}}, {"model": "auth.permission", "pk": 65, "fields": {"name": "Can add social account", "content_type": 17, "codename": "add_socialaccount"}}, {"model": "auth.permission", "pk": 66, "fields": {"name": "Can change social account", "content_type": 17, "codename": "change_socialaccount"}}, {"model": "auth.permission", "pk": 67, "fields": {"name": "Can delete social account", "content_type": 17, "codename": "delete_socialaccount"}}, {"model": "auth.permission", "pk": 68, "fields": {"name": "Can view social account", "content_type": 17, "codename": "view_socialaccount"}}, {"model": "auth.permission", "pk": 69, "fields": {"name": "Can add social application", "content_type": 18, "codename": "add_socialapp"}}, {"model": "auth.permission", "pk": 70, "fields": {"name": "Can change social application", "content_type": 18, "codename": "change_socialapp"}}, {"model": "auth.permission", "pk": 71, "fields": {"name": "Can delete social application", "content_type": 18, "codename": "delete_socialapp"}}, {"model": "auth.permission", "pk": 72, "fields": {"name": "Can view social application", "content_type": 18, "codename": "view_socialapp"}}, {"model": "auth.permission", "pk": 73, "fields": {"name": "Can add social application token", "content_type": 19, "codename": "add_socialtoken"}}, {"model": "auth.permission", "pk": 74, "fields": {"name": "Can change social application token", "content_type": 19, "codename": "change_socialtoken"}}, {"model": "auth.permission", "pk": 75, "fields": {"name": "Can delete social application token", "content_type": 19, "codename": "delete_socialtoken"}}, {"model": "auth.permission", "pk": 76, "fields": {"name": "Can view social application token", "content_type": 19, "codename": "view_socialtoken"}}, {"model": "auth.permission", "pk": 77, "fields": {"name": "Can add appointment", "content_type": 20, "codename": "add_appointment"}}, {"model": "auth.permission", "pk": 78, "fields": {"name": "Can change appointment", "content_type": 20, "codename": "change_appointment"}}, {"model": "auth.permission", "pk": 79, "fields": {"name": "Can delete appointment", "content_type": 20, "codename": "delete_appointment"}}, {"model": "auth.permission", "pk": 80, "fields": {"name": "Can view appointment", "content_type": 20, "codename": "view_appointment"}}, {"model": "auth.permission", "pk": 81, "fields": {"name": "Can add sub user", "content_type": 21, "codename": "add_subuser"}}, {"model": "auth.permission", "pk": 82, "fields": {"name": "Can change sub user", "content_type": 21, "codename": "change_subuser"}}, {"model": "auth.permission", "pk": 83, "fields": {"name": "Can delete sub user", "content_type": 21, "codename": "delete_subuser"}}, {"model": "auth.permission", "pk": 84, "fields": {"name": "Can view sub user", "content_type": 21, "codename": "view_subuser"}}, {"model": "auth.permission", "pk": 85, "fields": {"name": "Can add django job", "content_type": 22, "codename": "add_djangojob"}}, {"model": "auth.permission", "pk": 86, "fields": {"name": "Can change django job", "content_type": 22, "codename": "change_djangojob"}}, {"model": "auth.permission", "pk": 87, "fields": {"name": "Can delete django job", "content_type": 22, "codename": "delete_djangojob"}}, {"model": "auth.permission", "pk": 88, "fields": {"name": "Can view django job", "content_type": 22, "codename": "view_djangojob"}}, {"model": "auth.permission", "pk": 89, "fields": {"name": "Can add django job execution", "content_type": 23, "codename": "add_djangojobexecution"}}, {"model": "auth.permission", "pk": 90, "fields": {"name": "Can change django job execution", "content_type": 23, "codename": "change_djangojobexecution"}}, {"model": "auth.permission", "pk": 91, "fields": {"name": "Can delete django job execution", "content_type": 23, "codename": "delete_djangojobexecution"}}, {"model": "auth.permission", "pk": 92, "fields": {"name": "Can view django job execution", "content_type": 23, "codename": "view_djangojobexecution"}}, {"model": "auth.group", "pk": 1, "fields": {"name": "basic", "permissions": []}}, {"model": "auth.group", "pk": 2, "fields": {"name": "premium", "permissions": [41, 42, 43, 44]}}, {"model": "auth.user", "pk": 1, "fields": {"password": "!1UoaocHdU4Pr1i5zhMI0AnZvyfBWn3aMKYkyQpe1", "last_login": null, "is_superuser": false, "username": "Anna", "first_name": "", "last_name": "Auksutat", "email": "", "is_staff": false, "is_active": true, "date_joined": "2021-11-21T16:42:56.990Z", "groups": [], "user_permissions": []}}, {"model": "auth.user", "pk": 2, "fields": {"password": "!sbEa2kLlW0kwQ6Q7FcX1v7aPd2S6nbZYFI7eaKBu", "last_login": null, "is_superuser": false, "username": "Moris", "first_name": "", "last_name": "Muckel", "email": "", "is_staff": false, "is_active": true, "date_joined": "2021-11-21T16:47:28.627Z", "groups": [], "user_permissions": []}}, {"model": "auth.user", "pk": 3, "fields": {"password": "!ILmjBtDuAH4878Q5EHK3XUbqWcpMBJ2VkGD2Tmfm", "last_login": null, "is_superuser": false, "username": "Frank", "first_name": "", "last_name": "Morsch", "email": "", "is_staff": false, "is_active": true, "date_joined": "2021-11-21T19:20:51.676Z", "groups": [], "user_permissions": []}}, {"model": "auth.user", "pk": 4, "fields": {"password": "pbkdf2_sha256$260000$IW1Jy4BQWfaPWR5D0cLGUA$XxEJ4LIkHZVi8AAF4WWPHBVOkevun2rjLjrpN7pKRyM=", "last_login": "2022-01-14T18:39:50.230Z", "is_superuser": true, "username": "admin", "first_name": "", "last_name": "", "email": "", "is_staff": true, "is_active": true, "date_joined": "2021-11-27T16:38:32.541Z", "groups": [2], "user_permissions": []}}, {"model": "auth.user", "pk": 5, "fields": {"password": "pbkdf2_sha256$260000$IW1Jy4BQWfaPWR5D0cLGUA$XxEJ4LIkHZVi8AAF4WWPHBVOkevun2rjLjrpN7pKRyM=", "last_login": null, "is_superuser": false, "username": "Olga", "first_name": " ", "last_name": "Krasowski", "email": "olga@polaker.po", "is_staff": false, "is_active": true, "date_joined": "2021-11-27T16:38:32.541Z", "groups": [], "user_permissions": []}}, {"model": "auth.user", "pk": 9, "fields": {"password": "pbkdf2_sha256$260000$NypEL5ga9DHACf9bHSTfq3$ujlzC3LtHu/0hNg0fusYeRkCvfmzdScLCQPZc8YKqmE=", "last_login": "2021-12-27T13:01:01.329Z", "is_superuser": false, "username": "basic_user", "first_name": "Bob", "last_name": "Skill", "email": "basic_user@exampel.com", "is_staff": false, "is_active": true, "date_joined": "2021-12-27T13:00:39.044Z", "groups": [2], "user_permissions": []}}, {"model": "auth.user", "pk": 10, "fields": {"password": "pbkdf2_sha256$260000$oDooEETkA9PtME2n80gffl$oLICdXPeb8PH5of/TmnVGzl0tk8BKiXa9oHHjx6oEE0=", "last_login": "2021-12-27T13:10:10Z", "is_superuser": false, "username": "Test_testy", "first_name": "testy", "last_name": "Skillo", "email": "test_test@example.com", "is_staff": false, "is_active": true, "date_joined": "2021-12-27T13:09:36Z", "groups": [1], "user_permissions": []}}, {"model": "auth.user", "pk": 11, "fields": {"password": "pbkdf2_sha256$260000$nLTYv0CMRadFnQ4xsGSTG1$poBFG1hhFzNvfSwBfQZhXkGtQ249gRAlPOSG9LvJW7U=", "last_login": "2022-01-22T15:34:32.427Z", "is_superuser": false, "username": "prumpl", "first_name": "prumpl", "last_name": "mumpl", "email": "prumpl@mumpl.de", "is_staff": false, "is_active": true, "date_joined": "2022-01-04T17:43:02.282Z", "groups": [2], "user_permissions": []}}, {"model": "auth.user", "pk": 12, "fields": {"password": "pbkdf2_sha256$260000$bNeEweCSytTayKpwHTI1Xr$VjoDUuTHzVBDDMVz749JKTZZx9mJfoZiCN85bObWPlA=", "last_login": "2022-01-08T18:33:50.694Z", "is_superuser": false, "username": "bub_sel", "first_name": "bub", "last_name": "pupsel", "email": "bub_sel@pup.de", "is_staff": false, "is_active": true, "date_joined": "2022-01-04T18:43:59.129Z", "groups": [2], "user_permissions": []}}, {"model": "auth.user", "pk": 13, "fields": {"password": "pbkdf2_sha256$260000$gXvijje5d6CLDofLsMQTHz$qOVX+x9jW4JCqQRHCYGqpckyGXoOyv3L/rJscvsfSy4=", "last_login": "2022-01-06T23:38:27.486Z", "is_superuser": false, "username": "xxx", "first_name": "", "last_name": "", "email": "xxx@yyy.de", "is_staff": false, "is_active": true, "date_joined": "2022-01-06T22:24:58.161Z", "groups": [], "user_permissions": []}}, {"model": "auth.user", "pk": 14, "fields": {"password": "pbkdf2_sha256$260000$qp97CQxO8atW2TEVkH6kNV$XvEdfXRmA0ZdlyzRgRr26JbdQTwpwzBJQ/Z+0nDNmy4=", "last_login": "2022-01-08T20:10:27.135Z", "is_superuser": false, "username": "jagi", "first_name": "", "last_name": "", "email": "jagi@papa.de", "is_staff": false, "is_active": true, "date_joined": "2022-01-08T18:36:04.205Z", "groups": [1, 2], "user_permissions": []}}, {"model": "auth.user", "pk": 17, "fields": {"password": "pbkdf2_sha256$260000$k2tJV9jip7ApeimrGAr1FS$Ro5B8tXIAglRrMDk/X/wqbrpRxhC2efw0vOdN8/m9sM=", "last_login": "2022-01-14T19:11:50.579Z", "is_superuser": false, "username": "bauksutat", "first_name": "", "last_name": "", "email": "bauksutat@mail.ru", "is_staff": false, "is_active": true, "date_joined": "2022-01-14T19:11:43.779Z", "groups": [1], "user_permissions": []}}, {"model": "auth.user", "pk": 50, "fields": {"password": "pbkdf2_sha256$260000$sl8jTrTo8p9Lc70YKa6KfT$/9IsVGyZHVV0116sspuYxWY1rbisAcsjBa8L0EVywJo=", "last_login": "2022-01-24T19:31:00.132Z", "is_superuser": false, "username": "auksutat", "first_name": "", "last_name": "", "email": "auksutat@targun.de", "is_staff": false, "is_active": true, "date_joined": "2022-01-24T19:30:58.512Z", "groups": [1, 2], "user_permissions": []}}, {"model": "contenttypes.contenttype", "pk": 1, "fields": {"app_label": "admin", "model": "logentry"}}, {"model": "contenttypes.contenttype", "pk": 2, "fields": {"app_label": "auth", "model": "permission"}}, {"model": "contenttypes.contenttype", "pk": 3, "fields": {"app_label": "auth", "model": "group"}}, {"model": "contenttypes.contenttype", "pk": 4, "fields": {"app_label": "auth", "model": "user"}}, {"model": "contenttypes.contenttype", "pk": 5, "fields": {"app_label": "contenttypes", "model": "contenttype"}}, {"model": "contenttypes.contenttype", "pk": 6, "fields": {"app_label": "sessions", "model": "session"}}, {"model": "contenttypes.contenttype", "pk": 7, "fields": {"app_label": "news", "model": "author"}}, {"model": "contenttypes.contenttype", "pk": 8, "fields": {"app_label": "news", "model": "postcategory"}}, {"model": "contenttypes.contenttype", "pk": 9, "fields": {"app_label": "news", "model": "category"}}, {"model": "contenttypes.contenttype", "pk": 10, "fields": {"app_label": "news", "model": "comment"}}, {"model": "contenttypes.contenttype", "pk": 11, "fields": {"app_label": "news", "model": "post"}}, {"model": "contenttypes.contenttype", "pk": 12, "fields": {"app_label": "sites", "model": "site"}}, {"model": "contenttypes.contenttype", "pk": 13, "fields": {"app_label": "flatpages", "model": "flatpage"}}, {"model": "contenttypes.contenttype", "pk": 14, "fields": {"app_label": "news", "model": "testtable"}}, {"model": "contenttypes.contenttype", "pk": 15, "fields": {"app_label": "account", "model": "emailaddress"}}, {"model": "contenttypes.contenttype", "pk": 16, "fields": {"app_label": "account", "model": "emailconfirmation"}}, {"model": "contenttypes.contenttype", "pk": 17, "fields": {"app_label": "socialaccount", "model": "socialaccount"}}, {"model": "contenttypes.contenttype", "pk": 18, "fields": {"app_label": "socialaccount", "model": "socialapp"}}, {"model": "contenttypes.contenttype", "pk": 19, "fields": {"app_label": "socialaccount", "model": "socialtoken"}}, {"model": "contenttypes.contenttype", "pk": 20, "fields": {"app_label": "news", "model": "appointment"}}, {"model": "contenttypes.contenttype", "pk": 21, "fields": {"app_label": "news", "model": "subuser"}}, {"model": "contenttypes.contenttype", "pk": 22, "fields": {"app_label": "django_apscheduler", "model": "djangojob"}}, {"model": "contenttypes.contenttype", "pk": 23, "fields": {"app_label": "django_apscheduler", "model": "djangojobexecution"}}, {"model": "sessions.session", "pk": "6r54y2pcfhoxwmdguqtwv430g0ofen2y", "fields": {"session_data": ".eJxVjcEKwyAQRP_FcwmxUbG5tT8i6-6K0mBKNJBS-u81JYf2NMzM7puXcLDW6NbCi0skRiG1OP2GHvDOeW9gmva4A8R5zbX73hx16a7Nca4JoaY5346vP1SEEhuHlWKDAQg4DNp61dQaRYMk0kYzSiuRz01D4KAvROyDx8HIZnvEHVq4lDbjeHuk5SnG_v0BbGZGXg:1n6IQQ:_bD-nFlNFf6pdy3TZStcky1FTz34_cmz_I7X1W-B7pE", "expire_date": "2022-01-22T20:34:54.279Z"}}, {"model": "sessions.session", "pk": "eihuymg7vvy7o2tr1vkccn2o5i2gs3xd", "fields": {"session_data": ".eJxVjEsOgyAQhu8y68bgAxB37UXIODNGUoqJQjdN715t3Lj7n98HkGgpKfu3rGEKwl5eGCIMqcR4A48lz75ssvrAMIDWcAlHpKeko8EYj7g6edV_c9Zbdd-dpBwIc1jS43xdUDNu887pW9V0bJltLVoRO2Mn3bHRTk3GjLsk1wiLM6Q09ra2RiGN3LbEjeoFvj-tP0fy:1nHkTl:fSi8TfwetuYItIW-83a3YVyyALq8rWBlStLyfysOPmU", "expire_date": "2022-02-23T10:45:41.250Z"}}, {"model": "sessions.session", "pk": "ijg5569ftf4s9pw8iv8rbdjzm9t6a6hh", "fields": {"session_data": ".eJxVjcEKwyAQRP_FcwmxUbG5tT8i6-6K0mBKNJBS-u81JYf2NMzM7puXcLDW6NbCi0skRiG1OP2GHvDOeW9gmva4A8R5zbX73hx16a7Nca4JoaY5346vP1SEEhuHlWKDAQg4DNp61dQaRYMk0kYzSiuRz01D4KAvROyDx8HIZnvEHVq4lDbjeHuk5SnG_v0BbGZGXg:1n8KK8:e_CP5v-Uq8vD0hciQvKiliNRE8KSEjVhYootkrm9w10", "expire_date": "2022-01-28T11:00:48.390Z"}}, {"model": "sessions.session", "pk": "j4l9lwlju4acjy3gt9vud0876zqft3uz", "fields": {"session_data": ".eJxVjMEOgyAQRP-Fc2MQtha8tT9CVnaJpBQTgV6a_nu18eJx3sy8j0Dvl5are_MaQ2Ry_MKYxJhbShfhsNXZtcKriyRGce3FCU7on5z3BlPacXf4uv_mqEt33xLnGj3WuOTH8TqpZizz5pEUpFfYGyAtg8KAwTCDVjCgMqylmtgSGkvg5QTUawTrCQYYpDb2Jr4_ykhIAw:1nC59s:TVCgpRkjHPS1Oz_z5CCL1_FJQp5T0FLMvxndtWB22Cg", "expire_date": "2022-02-07T19:37:44.110Z"}}, {"model": "sessions.session", "pk": "tjvi9vnl58yg1xdeqbww9v7r7fs4wtk7", "fields": {"session_data": ".eJxVjEsOwjAMBe-SNYoSxTgJS_acIXJshxZQK_Wzqrg7VOoCtm9m3mYKrUtX1lmn0ou5GDCn360SP3XYgTxouI-Wx2GZ-mp3xR50trdR9HU93L-DjubuW-eoQQK2ljlpQ64ZkyAgMTiJDmIUSbkG8D5qS-ACofOsJAlZz2LeH_QMOFQ:1mr1I3:LFwkotvxMSdG6gOCz79q3jOTgNoBhTwlLyU8H45eJN0", "expire_date": "2021-12-11T17:15:07.355Z"}}, {"model": "sites.site", "pk": 1, "fields": {"domain": "127.0.0.1", "name": "example.com"}}, {"model": "flatpages.flatpage", "pk": 1, "fields": {"url": "/about/", "title": "Hallo News!", "content": "Hallo Weltnachichten!", "enable_comments": false, "template_name": "", "registration_required": false, "sites": [1]}}, {"model": "flatpages.flatpage", "pk": 2, "fields": {"url": "/contact/", "title": "About us!", "content": "Unsere Kontakte:", "enable_comments": false, "template_name": "", "registration_required": false, "sites": [1]}}, {"model": "flatpages.flatpage", "pk": 3, "fields": {"url": "/news/", "title": "news", "content": "NACHRICHTEN AUF EINEM BLICK", "enable_comments": false, "template_name": "", "registration_required": false, "sites": [1]}}, {"model": "flatpages.flatpage", "pk": 4, "fields": {"url": "/home/", "title": "Die Zeit Die Welt", "content": "Authoren und Artikel", "enable_comments": false, "template_name": "", "registration_required": false, "sites": [1]}}, {"model": "flatpages.flatpage", "pk": 5, "fields": {"url": "/login/", "title": "Registrieren Sie sich bitte!", "content": "Registrieren Sie sich bitte!", "enable_comments": false, "template_name": "", "registration_required": false, "sites": [1]}}, {"model": "flatpages.flatpage", "pk": 6, "fields": {"url": "/Registrierung/", "title": "Sie können sich hier registrieren", "content": "Hier können Sie sich  registrieren.", "enable_comments": false, "template_name": "", "registration_required": false, "sites": [1]}}, {"model": "account.emailaddress", "pk": 1, "fields": {"user": 9, "email": "basic_user@exampel.com", "verified": false, "primary": false}}, {"model": "account.emailaddress", "pk": 2, "fields": {"user": 13, "email": "xxx@yyy.de", "verified": false, "primary": true}}, {"model": "account.emailaddress", "pk": 3, "fields": {"user": 14, "email": "jagi@papa.de", "verified": false, "primary": true}}, {"model": "account.emailaddress", "pk": 4, "fields": {"user": 17, "email": "bauksutat@mail.ru", "verified": false, "primary": true}}, {"model": "account.emailaddress", "pk": 37, "fields": {"user": 50, "email": "auksutat@targun.de", "verified": false, "primary": true}}, {"model": "socialaccount.socialapp", "pk": 1, "fields": {"provider": "google", "name": "Google", "client_id": "501119237228-e1g3r9e7t0tkgfurf2qi6si3gd9o602v.apps.googleusercontent.com", "secret": "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", "key": "", "sites": [1]}}]